item_id,room_id,category,description,owner_id,status,priority,created_date,due_date,completed_date,last_updated,blocker_reason
CHK-00001,T-301,Construction Punch List,Adjust door closer,OWN-001,Complete,Low,2026-05-28,2026-10-25,2026-06-01,2026-06-01,
CHK-00002,T-301,Low-Voltage / Network,Activate data drops,OWN-005,Verified,Medium,2026-06-12,2026-10-21,2026-06-24,2026-06-24,
CHK-00003,T-301,Biomed Equipment Check,Asset tag and CMMS entry,OWN-003,Complete,Medium,2026-08-09,2026-10-09,2026-09-01,2026-09-01,
CHK-00004,T-301,Furniture & Fixtures,Install privacy curtain,OWN-018,Complete,High,2026-07-26,2026-11-02,2026-07-28,2026-07-28,
CHK-00005,T-301,Clinical Supplies Stocked,Par-level check,OWN-018,Verified,Medium,2026-05-30,2026-10-04,2026-06-04,2026-06-04,
CHK-00006,T-301,Signage & Wayfinding,Install room number sign,OWN-002,Verified,Medium,2026-06-18,2026-10-30,2026-07-12,2026-07-12,
CHK-00007,T-301,Life Safety Inspection,Fire extinguisher inspection,OWN-014,Complete,Low,2026-06-04,2026-11-02,2026-06-19,2026-06-19,
CHK-00008,T-301,Staff Training / Orientation,Unit walk-through completed,OWN-007,Verified,Medium,2026-07-14,2026-10-16,2026-07-24,2026-07-24,
CHK-00009,T-301,Clinical Workflow Validation,Code blue drill,OWN-007,Complete,Medium,2026-05-27,2026-10-14,2026-06-11,2026-06-11,
CHK-00010,T-302,Construction Punch List,Patch and paint wall behind headwall,OWN-001,Complete,High,2026-07-26,2026-10-04,2026-08-19,2026-08-19,
CHK-00011,T-302,Low-Voltage / Network,Label patch panel ports,OWN-006,Complete,Medium,2026-08-24,2026-11-05,2026-09-01,2026-09-01,
CHK-00012,T-302,Biomed Equipment Check,Asset tag and CMMS entry,OWN-004,Verified,Medium,2026-08-28,2026-10-17,2026-09-01,2026-09-01,
CHK-00013,T-302,Furniture & Fixtures,Mount whiteboard,OWN-017,Verified,High,2026-07-13,2026-10-09,2026-07-26,2026-07-26,
CHK-00014,T-302,Clinical Supplies Stocked,Stock PPE cabinet,OWN-018,Verified,High,2026-07-31,2026-10-06,2026-08-23,2026-08-23,
CHK-00015,T-302,Signage & Wayfinding,Install room number sign,OWN-001,Complete,Medium,2026-05-27,2026-10-21,2026-06-03,2026-06-03,
CHK-00016,T-302,Life Safety Inspection,Med gas alarm test,OWN-016,In Progress,Low,2026-08-11,2026-10-23,,2026-08-31,
CHK-00017,T-302,Terminal Clean,Terminal clean and UV cycle,OWN-010,Complete,High,2026-06-16,2026-11-03,2026-07-19,2026-07-19,
CHK-00018,T-302,Staff Training / Orientation,Nurse call training,OWN-008,Verified,Low,2026-07-05,2026-11-01,2026-07-21,2026-07-21,
CHK-00019,T-302,Clinical Workflow Validation,Code blue drill,OWN-008,Complete,High,2026-07-10,2026-10-20,2026-07-31,2026-07-31,
CHK-00020,T-303,Construction Punch List,Adjust door closer,OWN-001,Complete,High,2026-08-12,2026-09-26,2026-08-19,2026-08-19,
CHK-00021,T-303,Low-Voltage / Network,Verify RTLS badge reader,OWN-006,Verified,Medium,2026-07-08,2026-08-13,2026-07-22,2026-07-22,
CHK-00022,T-303,Biomed Equipment Check,Electrical safety test,OWN-003,Complete,Low,2026-08-18,2026-10-23,2026-09-01,2026-09-01,
CHK-00023,T-303,Furniture & Fixtures,Install overbed table,OWN-018,Verified,High,2026-08-18,2026-10-11,2026-09-01,2026-09-01,
CHK-00024,T-303,Clinical Supplies Stocked,Stock isolation cart,OWN-017,Not Started,Medium,2026-08-26,2026-10-08,,2026-08-26,
CHK-00025,T-303,Signage & Wayfinding,Install room number sign,OWN-001,Complete,High,2026-08-12,2026-10-26,2026-08-13,2026-08-13,
CHK-00026,T-303,Life Safety Inspection,Emergency power receptacle test,OWN-014,Complete,High,2026-07-13,2026-10-28,2026-08-20,2026-08-20,
CHK-00027,T-303,Staff Training / Orientation,Nurse call training,OWN-007,Complete,High,2026-07-04,2026-10-25,2026-07-10,2026-07-10,
CHK-00028,T-303,Clinical Workflow Validation,Med admin end-to-end test,OWN-008,Verified,Medium,2026-08-08,2026-09-27,2026-09-01,2026-09-01,
CHK-00029,T-304,Construction Punch List,Seal ceiling penetrations,OWN-002,Verified,Medium,2026-07-06,2026-08-02,2026-07-18,2026-07-18,
CHK-00030,T-304,Low-Voltage / Network,Verify RTLS badge reader,OWN-006,Verified,Low,2026-06-12,2026-10-18,2026-07-01,2026-07-01,
CHK-00031,T-304,Biomed Equipment Check,Preventive maintenance tag,OWN-004,Verified,High,2026-08-18,2026-10-16,2026-09-01,2026-09-01,
CHK-00032,T-304,Furniture & Fixtures,Install privacy curtain,OWN-018,Complete,Medium,2026-06-23,2026-07-08,2026-07-18,2026-07-18,
CHK-00033,T-304,Clinical Supplies Stocked,Par-level check,OWN-018,Verified,High,2026-06-18,2026-10-01,2026-07-09,2026-07-09,
CHK-00034,T-304,Signage & Wayfinding,Install room number sign,OWN-002,Verified,Medium,2026-08-01,2026-11-01,2026-08-19,2026-08-19,
CHK-00035,T-304,Life Safety Inspection,Sprinkler head clearance,OWN-016,Complete,High,2026-07-31,2026-10-23,2026-08-07,2026-08-07,
CHK-00036,T-304,Terminal Clean,ATP swab verification,OWN-010,Complete,Low,2026-05-27,2026-10-30,2026-06-11,2026-06-11,
CHK-00037,T-304,Staff Training / Orientation,Bed controls training,OWN-008,Not Started,Low,2026-08-07,2026-10-22,,2026-08-30,
CHK-00038,T-304,Clinical Workflow Validation,Med admin end-to-end test,OWN-007,Verified,Medium,2026-06-01,2026-10-11,2026-07-08,2026-07-08,
CHK-00039,T-305,Construction Punch List,Patch and paint wall behind headwall,OWN-001,Verified,High,2026-06-27,2026-10-29,2026-07-29,2026-07-29,
CHK-00040,T-305,Low-Voltage / Network,Test Wi-Fi coverage,OWN-005,Complete,Medium,2026-08-27,2026-11-09,2026-09-01,2026-09-01,
CHK-00041,T-305,Biomed Equipment Check,Preventive maintenance tag,OWN-003,Verified,Medium,2026-07-19,2026-11-06,2026-07-21,2026-07-21,
CHK-00042,T-305,Furniture & Fixtures,Install overbed table,OWN-018,Complete,Medium,2026-07-14,2026-10-17,2026-08-09,2026-08-09,
CHK-00043,T-305,Clinical Supplies Stocked,Stock linen shelf,OWN-017,Verified,Medium,2026-08-09,2026-10-13,2026-09-01,2026-09-01,
CHK-00044,T-305,Signage & Wayfinding,Braille compliance check,OWN-001,Verified,Medium,2026-06-12,2026-10-18,2026-06-27,2026-06-27,
CHK-00045,T-305,Life Safety Inspection,Fire extinguisher inspection,OWN-016,Complete,Low,2026-07-23,2026-11-01,2026-08-04,2026-08-04,
CHK-00046,T-305,Terminal Clean,Terminal clean and UV cycle,OWN-009,Not Started,Low,2026-06-18,2026-11-07,,2026-08-30,
CHK-00047,T-305,Staff Training / Orientation,Nurse call training,OWN-008,Verified,High,2026-05-26,2026-11-05,2026-06-11,2026-06-11,
CHK-00048,T-305,Clinical Workflow Validation,Admission workflow tabletop,OWN-008,Complete,High,2026-08-18,2026-10-19,2026-09-01,2026-09-01,
CHK-00049,T-306,Construction Punch List,Patch and paint wall behind headwall,OWN-002,Complete,Medium,2026-07-16,2026-08-05,2026-07-17,2026-07-17,
CHK-00050,T-306,Low-Voltage / Network,Label patch panel ports,OWN-006,Verified,High,2026-08-08,2026-10-09,2026-09-01,2026-09-01,
CHK-00051,T-306,Biomed Equipment Check,Alarm integration test,OWN-003,Verified,Medium,2026-06-17,2026-10-26,2026-06-28,2026-06-28,
CHK-00052,T-306,Furniture & Fixtures,Install privacy curtain,OWN-017,Verified,Low,2026-08-27,2026-09-16,2026-09-01,2026-09-01,
CHK-00053,T-306,Clinical Supplies Stocked,Stock linen shelf,OWN-018,Verified,Medium,2026-08-20,2026-10-05,2026-08-26,2026-08-26,
CHK-00054,T-306,Signage & Wayfinding,Install exit signage,OWN-001,Verified,High,2026-06-07,2026-10-30,2026-07-16,2026-07-16,
CHK-00055,T-306,Life Safety Inspection,Emergency power receptacle test,OWN-016,Verified,High,2026-08-05,2026-10-14,2026-09-01,2026-09-01,
CHK-00056,T-306,Staff Training / Orientation,Unit walk-through completed,OWN-007,Verified,Medium,2026-06-17,2026-10-05,2026-07-19,2026-07-19,
CHK-00057,T-306,Clinical Workflow Validation,Admission workflow tabletop,OWN-007,Verified,High,2026-07-23,2026-10-02,2026-08-23,2026-08-23,
CHK-00058,T-307,Construction Punch List,Seal ceiling penetrations,OWN-002,Verified,Medium,2026-07-23,2026-10-10,2026-07-31,2026-07-31,
CHK-00059,T-307,Low-Voltage / Network,Label patch panel ports,OWN-006,Complete,Medium,2026-07-27,2026-09-03,2026-08-08,2026-08-08,
CHK-00060,T-307,Biomed Equipment Check,Asset tag and CMMS entry,OWN-003,Verified,Low,2026-07-27,2026-10-12,2026-08-26,2026-08-26,
CHK-00061,T-307,Furniture & Fixtures,Install privacy curtain,OWN-018,Verified,Low,2026-08-10,2026-11-03,2026-08-16,2026-08-16,
CHK-00062,T-307,Clinical Supplies Stocked,Par-level check,OWN-018,Complete,Medium,2026-06-20,2026-11-06,2026-07-15,2026-07-15,
CHK-00063,T-307,Signage & Wayfinding,Braille compliance check,OWN-001,Verified,Medium,2026-07-22,2026-11-04,2026-08-17,2026-08-17,
CHK-00064,T-307,Life Safety Inspection,Med gas alarm test,OWN-014,Complete,Low,2026-06-17,2026-10-31,2026-06-25,2026-06-25,
CHK-00065,T-307,Staff Training / Orientation,Nurse call training,OWN-007,Verified,Low,2026-08-05,2026-11-01,2026-08-08,2026-08-08,
CHK-00066,T-307,Clinical Workflow Validation,Code blue drill,OWN-008,Verified,Low,2026-06-10,2026-10-31,2026-07-19,2026-07-19,
CHK-00067,T-308,Construction Punch List,Seal ceiling penetrations,OWN-002,Complete,Medium,2026-08-21,2026-09-29,2026-09-01,2026-09-01,
CHK-00068,T-308,Low-Voltage / Network,Verify RTLS badge reader,OWN-005,Complete,Medium,2026-08-28,2026-10-03,2026-09-01,2026-09-01,
CHK-00069,T-308,Biomed Equipment Check,Electrical safety test,OWN-003,Verified,Medium,2026-06-15,2026-10-03,2026-06-22,2026-06-22,
CHK-00070,T-308,Furniture & Fixtures,Deliver visitor chair,OWN-018,Complete,High,2026-07-16,2026-10-24,2026-08-10,2026-08-10,
CHK-00071,T-308,Clinical Supplies Stocked,Stock PPE cabinet,OWN-018,Verified,Low,2026-08-11,2026-10-02,2026-09-01,2026-09-01,
CHK-00072,T-308,Signage & Wayfinding,Install exit signage,OWN-002,Verified,High,2026-07-30,2026-11-06,2026-08-30,2026-08-30,
CHK-00073,T-308,Life Safety Inspection,Med gas alarm test,OWN-016,Complete,Medium,2026-07-22,2026-10-21,2026-08-09,2026-08-09,
CHK-00074,T-308,Terminal Clean,ATP swab verification,OWN-010,Verified,Medium,2026-07-22,2026-10-12,2026-08-12,2026-08-12,
CHK-00075,T-308,Staff Training / Orientation,Bed controls training,OWN-008,Verified,Medium,2026-07-04,2026-10-27,2026-07-31,2026-07-31,
CHK-00076,T-308,Clinical Workflow Validation,Admission workflow tabletop,OWN-008,Complete,Medium,2026-08-22,2026-10-08,2026-09-01,2026-09-01,
CHK-00077,T-309,Construction Punch List,Adjust door closer,OWN-001,Verified,Low,2026-06-23,2026-10-25,2026-07-05,2026-07-05,
CHK-00078,T-309,Low-Voltage / Network,Label patch panel ports,OWN-006,Verified,Low,2026-07-02,2026-08-08,2026-07-15,2026-07-15,
CHK-00079,T-309,Biomed Equipment Check,Preventive maintenance tag,OWN-004,Verified,Medium,2026-06-09,2026-10-19,2026-06-11,2026-06-11,
CHK-00080,T-309,Furniture & Fixtures,Mount whiteboard,OWN-018,Verified,Medium,2026-06-30,2026-10-04,2026-07-23,2026-07-23,
CHK-00081,T-309,Clinical Supplies Stocked,Stock PPE cabinet,OWN-017,Complete,Low,2026-07-24,2026-10-25,2026-08-18,2026-08-18,
CHK-00082,T-309,Signage & Wayfinding,Braille compliance check,OWN-001,Complete,High,2026-08-02,2026-10-12,2026-08-17,2026-08-17,
CHK-00083,T-309,Life Safety Inspection,Sprinkler head clearance,OWN-016,Verified,High,2026-08-27,2026-10-26,2026-09-01,2026-09-01,
CHK-00084,T-309,Terminal Clean,ATP swab verification,OWN-010,Verified,Low,2026-06-13,2026-10-07,2026-07-01,2026-07-01,
CHK-00085,T-309,Staff Training / Orientation,Bed controls training,OWN-008,Verified,Medium,2026-08-02,2026-09-27,2026-08-22,2026-08-22,
CHK-00086,T-309,Clinical Workflow Validation,Med admin end-to-end test,OWN-008,Verified,High,2026-06-06,2026-10-03,2026-07-12,2026-07-12,
CHK-00087,T-310,Construction Punch List,Seal ceiling penetrations,OWN-002,Verified,Medium,2026-08-21,2026-09-21,2026-09-01,2026-09-01,
CHK-00088,T-310,Low-Voltage / Network,Test Wi-Fi coverage,OWN-005,Complete,Low,2026-06-07,2026-06-30,2026-07-11,2026-07-11,
CHK-00089,T-310,Biomed Equipment Check,Preventive maintenance tag,OWN-003,Complete,Medium,2026-06-14,2026-10-08,2026-07-05,2026-07-05,
CHK-00090,T-310,Furniture & Fixtures,Mount whiteboard,OWN-018,Not Started,Medium,2026-07-27,2026-10-08,,2026-09-01,
CHK-00091,T-310,Clinical Supplies Stocked,Stock linen shelf,OWN-017,Verified,Low,2026-06-22,2026-10-03,2026-07-15,2026-07-15,
CHK-00092,T-310,Signage & Wayfinding,Install exit signage,OWN-001,Complete,Medium,2026-08-06,2026-10-15,2026-08-13,2026-08-13,
CHK-00093,T-310,Life Safety Inspection,Fire extinguisher inspection,OWN-014,Complete,Medium,2026-06-19,2026-10-22,2026-07-11,2026-07-11,
CHK-00094,T-310,Terminal Clean,ATP swab verification,OWN-010,Verified,Low,2026-07-18,2026-10-10,2026-08-04,2026-08-04,
CHK-00095,T-310,Staff Training / Orientation,Bed controls training,OWN-007,Verified,Medium,2026-06-09,2026-09-26,2026-07-17,2026-07-17,
CHK-00096,T-310,Clinical Workflow Validation,Code blue drill,OWN-008,Verified,High,2026-08-14,2026-10-09,2026-09-01,2026-09-01,
CHK-00097,T-311,Construction Punch List,Replace scratched floor tile,OWN-001,Complete,Medium,2026-08-12,2026-10-12,2026-09-01,2026-09-01,
CHK-00098,T-311,Low-Voltage / Network,Activate data drops,OWN-005,Complete,Medium,2026-08-19,2026-09-13,2026-09-01,2026-09-01,
CHK-00099,T-311,Biomed Equipment Check,Alarm integration test,OWN-003,Verified,High,2026-08-08,2026-09-27,2026-08-19,2026-08-19,
CHK-00100,T-311,Furniture & Fixtures,Install overbed table,OWN-017,Verified,Medium,2026-07-06,2026-08-19,2026-07-31,2026-07-31,
CHK-00101,T-311,Clinical Supplies Stocked,Stock isolation cart,OWN-017,Complete,Medium,2026-08-28,2026-10-13,2026-09-01,2026-09-01,
CHK-00102,T-311,Signage & Wayfinding,Install exit signage,OWN-001,Complete,High,2026-07-29,2026-10-19,2026-08-21,2026-08-21,
CHK-00103,T-311,Life Safety Inspection,Fire extinguisher inspection,OWN-015,Verified,Low,2026-07-21,2026-10-23,2026-07-26,2026-07-26,
CHK-00104,T-311,Terminal Clean,Terminal clean and UV cycle,OWN-010,Verified,Low,2026-06-23,2026-10-12,2026-07-21,2026-07-21,
CHK-00105,T-311,Staff Training / Orientation,Nurse call training,OWN-007,Verified,High,2026-05-25,2026-10-21,2026-06-05,2026-06-05,
CHK-00106,T-311,Clinical Workflow Validation,Med admin end-to-end test,OWN-007,Complete,High,2026-08-13,2026-10-20,2026-08-15,2026-08-15,
CHK-00107,T-312,Construction Punch List,Patch and paint wall behind headwall,OWN-001,Complete,Medium,2026-08-25,2026-09-24,2026-09-01,2026-09-01,
CHK-00108,T-312,Low-Voltage / Network,Verify RTLS badge reader,OWN-006,Complete,High,2026-08-27,2026-09-17,2026-09-01,2026-09-01,
CHK-00109,T-312,Biomed Equipment Check,Electrical safety test,OWN-004,Verified,Medium,2026-06-01,2026-10-24,2026-06-15,2026-06-15,
CHK-00110,T-312,Furniture & Fixtures,Install overbed table,OWN-017,Verified,High,2026-06-24,2026-07-16,2026-07-21,2026-07-21,
CHK-00111,T-312,Clinical Supplies Stocked,Stock isolation cart,OWN-018,Complete,Low,2026-06-27,2026-10-21,2026-08-05,2026-08-05,
CHK-00112,T-312,Signage & Wayfinding,Braille compliance check,OWN-002,In Progress,Low,2026-07-15,2026-10-07,,2026-09-01,
CHK-00113,T-312,Life Safety Inspection,Fire extinguisher inspection,OWN-014,Complete,Medium,2026-06-29,2026-10-12,2026-07-15,2026-07-15,
CHK-00114,T-312,Terminal Clean,Terminal clean and UV cycle,OWN-009,Complete,Medium,2026-06-05,2026-10-02,2026-06-15,2026-06-15,
CHK-00115,T-312,Staff Training / Orientation,Nurse call training,OWN-008,Verified,Medium,2026-07-28,2026-10-19,2026-08-27,2026-08-27,
CHK-00116,T-312,Clinical Workflow Validation,Code blue drill,OWN-008,Verified,Medium,2026-08-07,2026-10-31,2026-08-26,2026-08-26,
CHK-00117,T-313,Construction Punch List,Adjust door closer,OWN-002,Verified,Medium,2026-05-24,2026-11-09,2026-06-02,2026-06-02,
CHK-00118,T-313,Low-Voltage / Network,Label patch panel ports,OWN-005,Verified,High,2026-06-11,2026-06-30,2026-07-05,2026-07-05,
CHK-00119,T-313,Biomed Equipment Check,Alarm integration test,OWN-004,Verified,Medium,2026-07-02,2026-10-23,2026-07-27,2026-07-27,
CHK-00120,T-313,Furniture & Fixtures,Install overbed table,OWN-018,Complete,Low,2026-08-15,2026-09-01,2026-08-26,2026-08-26,
CHK-00121,T-313,Clinical Supplies Stocked,Par-level check,OWN-018,Verified,Medium,2026-06-18,2026-10-12,2026-06-30,2026-06-30,
CHK-00122,T-313,Signage & Wayfinding,Install exit signage,OWN-001,Complete,Low,2026-05-28,2026-11-01,2026-06-28,2026-06-28,
CHK-00123,T-313,Life Safety Inspection,Fire extinguisher inspection,OWN-016,Verified,Low,2026-08-21,2026-10-24,2026-09-01,2026-09-01,
CHK-00124,T-313,Terminal Clean,ATP swab verification,OWN-009,Complete,Medium,2026-05-29,2026-10-04,2026-06-13,2026-06-13,
CHK-00125,T-313,Staff Training / Orientation,Unit walk-through completed,OWN-007,Complete,High,2026-06-29,2026-10-18,2026-07-24,2026-07-24,
CHK-00126,T-313,Clinical Workflow Validation,Admission workflow tabletop,OWN-007,Complete,Medium,2026-06-26,2026-10-10,2026-07-28,2026-07-28,
CHK-00127,T-314,Construction Punch List,Adjust door closer,OWN-002,Verified,Medium,2026-07-18,2026-11-06,2026-08-20,2026-08-20,
CHK-00128,T-314,Low-Voltage / Network,Verify RTLS badge reader,OWN-006,Verified,Medium,2026-07-02,2026-08-13,2026-07-08,2026-07-08,
CHK-00129,T-314,Biomed Equipment Check,Electrical safety test,OWN-003,Not Started,Low,2026-05-26,2026-11-08,,2026-08-29,
CHK-00130,T-314,Furniture & Fixtures,Mount whiteboard,OWN-018,Complete,Low,2026-06-11,2026-10-08,2026-07-17,2026-07-17,
CHK-00131,T-314,Clinical Supplies Stocked,Stock linen shelf,OWN-018,Verified,Medium,2026-08-23,2026-10-26,2026-09-01,2026-09-01,
CHK-00132,T-314,Signage & Wayfinding,Braille compliance check,OWN-001,Verified,High,2026-07-03,2026-11-02,2026-07-10,2026-07-10,
CHK-00133,T-314,Life Safety Inspection,Emergency power receptacle test,OWN-016,Verified,High,2026-06-09,2026-10-22,2026-07-15,2026-07-15,
CHK-00134,T-314,Terminal Clean,ATP swab verification,OWN-009,Verified,High,2026-05-30,2026-10-14,2026-06-06,2026-06-06,
CHK-00135,T-314,Staff Training / Orientation,Unit walk-through completed,OWN-008,Complete,High,2026-07-10,2026-10-27,2026-08-09,2026-08-09,
CHK-00136,T-314,Clinical Workflow Validation,Code blue drill,OWN-008,Verified,Medium,2026-06-09,2026-10-03,2026-06-17,2026-06-17,
CHK-00137,T-315,Construction Punch List,Patch and paint wall behind headwall,OWN-002,Complete,Low,2026-08-12,2026-11-09,2026-09-01,2026-09-01,
CHK-00138,T-315,Low-Voltage / Network,Test Wi-Fi coverage,OWN-005,Verified,High,2026-06-25,2026-10-29,2026-08-02,2026-08-02,
CHK-00139,T-315,Biomed Equipment Check,Alarm integration test,OWN-004,Complete,Low,2026-06-13,2026-10-20,2026-07-16,2026-07-16,
CHK-00140,T-315,Furniture & Fixtures,Install privacy curtain,OWN-018,Complete,Low,2026-05-24,2026-07-02,2026-06-15,2026-06-15,
CHK-00141,T-315,Clinical Supplies Stocked,Stock linen shelf,OWN-017,Verified,High,2026-06-13,2026-10-08,2026-07-03,2026-07-03,
CHK-00142,T-315,Signage & Wayfinding,Braille compliance check,OWN-001,Complete,Medium,2026-07-23,2026-10-18,2026-08-01,2026-08-01,
CHK-00143,T-315,Life Safety Inspection,Med gas alarm test,OWN-016,Complete,Medium,2026-07-19,2026-11-02,2026-08-11,2026-08-11,
CHK-00144,T-315,Terminal Clean,ATP swab verification,OWN-009,Verified,Medium,2026-05-26,2026-10-06,2026-06-14,2026-06-14,
CHK-00145,T-315,Staff Training / Orientation,Unit walk-through completed,OWN-008,Verified,Medium,2026-08-11,2026-11-06,2026-08-15,2026-08-15,
CHK-00146,T-315,Clinical Workflow Validation,Admission workflow tabletop,OWN-008,Verified,High,2026-07-24,2026-10-24,2026-08-03,2026-08-03,
CHK-00147,T-316,Construction Punch List,Adjust door closer,OWN-002,Verified,High,2026-07-15,2026-10-20,2026-08-24,2026-08-24,
CHK-00148,T-316,Low-Voltage / Network,Verify RTLS badge reader,OWN-006,Complete,Low,2026-06-01,2026-06-18,2026-06-26,2026-06-26,
CHK-00149,T-316,Biomed Equipment Check,Asset tag and CMMS entry,OWN-003,Blocked,Medium,2026-07-20,2026-09-21,,2026-08-27,Access restricted by construction
CHK-00150,T-316,Furniture & Fixtures,Mount whiteboard,OWN-017,Complete,High,2026-06-09,2026-10-03,2026-07-17,2026-07-17,
CHK-00151,T-316,Clinical Supplies Stocked,Stock isolation cart,OWN-017,Verified,Medium,2026-06-03,2026-10-22,2026-06-15,2026-06-15,
CHK-00152,T-316,Signage & Wayfinding,Install room number sign,OWN-002,Verified,High,2026-06-19,2026-10-10,2026-06-28,2026-06-28,
CHK-00153,T-316,Life Safety Inspection,Emergency power receptacle test,OWN-016,Verified,High,2026-08-10,2026-10-24,2026-08-20,2026-08-20,
CHK-00154,T-316,Terminal Clean,ATP swab verification,OWN-009,Complete,Medium,2026-06-06,2026-10-07,2026-07-08,2026-07-08,
CHK-00155,T-316,Staff Training / Orientation,Unit walk-through completed,OWN-007,Verified,Medium,2026-08-01,2026-10-15,2026-09-01,2026-09-01,
CHK-00156,T-316,Clinical Workflow Validation,Admission workflow tabletop,OWN-008,Verified,Medium,2026-08-18,2026-10-04,2026-09-01,2026-09-01,
CHK-00157,T-317,Construction Punch List,Patch and paint wall behind headwall,OWN-001,Verified,Medium,2026-05-25,2026-10-10,2026-06-30,2026-06-30,
CHK-00158,T-317,Low-Voltage / Network,Label patch panel ports,OWN-006,Verified,Low,2026-06-08,2026-10-25,2026-06-11,2026-06-11,
CHK-00159,T-317,Biomed Equipment Check,Asset tag and CMMS entry,OWN-003,Complete,Low,2026-07-11,2026-10-24,2026-08-15,2026-08-15,
CHK-00160,T-317,Furniture & Fixtures,Deliver visitor chair,OWN-017,Complete,High,2026-07-13,2026-10-08,2026-08-11,2026-08-11,
CHK-00161,T-317,Clinical Supplies Stocked,Stock PPE cabinet,OWN-017,Complete,Low,2026-07-19,2026-10-08,2026-07-25,2026-07-25,
CHK-00162,T-317,Signage & Wayfinding,Install room number sign,OWN-001,Complete,Low,2026-06-22,2026-11-09,2026-06-27,2026-06-27,
CHK-00163,T-317,Life Safety Inspection,Med gas alarm test,OWN-016,Verified,Low,2026-08-16,2026-10-27,2026-09-01,2026-09-01,
CHK-00164,T-317,Staff Training / Orientation,Unit walk-through completed,OWN-007,Complete,High,2026-08-26,2026-10-11,2026-09-01,2026-09-01,
CHK-00165,T-317,Clinical Workflow Validation,Med admin end-to-end test,OWN-007,Verified,Low,2026-07-28,2026-10-05,2026-08-02,2026-08-02,
CHK-00166,T-318,Construction Punch List,Patch and paint wall behind headwall,OWN-002,Verified,Medium,2026-07-03,2026-10-13,2026-07-24,2026-07-24,
CHK-00167,T-318,Low-Voltage / Network,Activate data drops,OWN-005,Verified,Medium,2026-06-08,2026-11-05,2026-07-16,2026-07-16,
CHK-00168,T-318,Biomed Equipment Check,Electrical safety test,OWN-004,Verified,Medium,2026-07-23,2026-10-21,2026-08-31,2026-08-31,
CHK-00169,T-318,Furniture & Fixtures,Mount whiteboard,OWN-017,Verified,High,2026-07-10,2026-11-08,2026-08-10,2026-08-10,
CHK-00170,T-318,Clinical Supplies Stocked,Stock linen shelf,OWN-018,Verified,Low,2026-06-21,2026-10-22,2026-07-01,2026-07-01,
CHK-00171,T-318,Signage & Wayfinding,Install room number sign,OWN-001,Verified,Medium,2026-06-19,2026-10-31,2026-06-27,2026-06-27,
CHK-00172,T-318,Life Safety Inspection,Sprinkler head clearance,OWN-016,Verified,Medium,2026-06-20,2026-11-04,2026-07-10,2026-07-10,
CHK-00173,T-318,Terminal Clean,Terminal clean and UV cycle,OWN-009,Verified,High,2026-06-08,2026-10-08,2026-06-18,2026-06-18,
CHK-00174,T-318,Staff Training / Orientation,Bed controls training,OWN-007,Complete,Low,2026-08-05,2026-11-02,2026-08-17,2026-08-17,
CHK-00175,T-318,Clinical Workflow Validation,Admission workflow tabletop,OWN-008,Complete,Medium,2026-06-20,2026-10-11,2026-07-26,2026-07-26,
CHK-00176,T-319,Construction Punch List,Seal ceiling penetrations,OWN-001,Verified,Medium,2026-08-04,2026-10-09,2026-08-26,2026-08-26,
CHK-00177,T-319,Low-Voltage / Network,Verify RTLS badge reader,OWN-006,Verified,Medium,2026-07-24,2026-10-28,2026-08-14,2026-08-14,
CHK-00178,T-319,Biomed Equipment Check,Asset tag and CMMS entry,OWN-004,Complete,Low,2026-06-02,2026-10-03,2026-06-12,2026-06-12,
CHK-00179,T-319,Furniture & Fixtures,Install privacy curtain,OWN-018,Verified,High,2026-07-20,2026-08-17,2026-08-17,2026-08-17,
CHK-00180,T-319,Clinical Supplies Stocked,Stock linen shelf,OWN-018,Complete,Medium,2026-06-29,2026-10-11,2026-07-28,2026-07-28,
CHK-00181,T-319,Signage & Wayfinding,Install exit signage,OWN-001,Verified,Low,2026-06-08,2026-10-02,2026-06-14,2026-06-14,
CHK-00182,T-319,Life Safety Inspection,Fire extinguisher inspection,OWN-016,Verified,Medium,2026-05-28,2026-11-05,2026-06-02,2026-06-02,
CHK-00183,T-319,Terminal Clean,ATP swab verification,OWN-010,Complete,Medium,2026-06-15,2026-10-27,2026-06-18,2026-06-18,
CHK-00184,T-319,Staff Training / Orientation,Bed controls training,OWN-008,Verified,High,2026-07-10,2026-10-26,2026-08-17,2026-08-17,
CHK-00185,T-319,Clinical Workflow Validation,Med admin end-to-end test,OWN-007,Verified,Medium,2026-08-18,2026-10-15,2026-09-01,2026-09-01,
CHK-00186,T-320,Construction Punch List,Replace scratched floor tile,OWN-001,Complete,High,2026-06-12,2026-09-24,2026-06-21,2026-06-21,
CHK-00187,T-320,Low-Voltage / Network,Label patch panel ports,OWN-005,Complete,High,2026-06-06,2026-10-17,2026-07-07,2026-07-07,
CHK-00188,T-320,Biomed Equipment Check,Preventive maintenance tag,OWN-003,Verified,Medium,2026-08-21,2026-10-10,2026-09-01,2026-09-01,
CHK-00189,T-320,Furniture & Fixtures,Install overbed table,OWN-018,Verified,High,2026-07-14,2026-08-26,2026-07-17,2026-07-17,
CHK-00190,T-320,Clinical Supplies Stocked,Stock isolation cart,OWN-018,In Progress,Medium,2026-06-09,2026-10-09,,2026-08-18,
CHK-00191,T-320,Signage & Wayfinding,Install exit signage,OWN-002,Verified,Low,2026-06-07,2026-10-22,2026-07-11,2026-07-11,
CHK-00192,T-320,Life Safety Inspection,Med gas alarm test,OWN-015,Verified,Low,2026-07-09,2026-10-04,2026-08-01,2026-08-01,
CHK-00193,T-320,Staff Training / Orientation,Unit walk-through completed,OWN-008,Complete,High,2026-07-04,2026-10-16,2026-07-19,2026-07-19,
CHK-00194,T-320,Clinical Workflow Validation,Med admin end-to-end test,OWN-007,Verified,Medium,2026-07-14,2026-09-18,2026-07-22,2026-07-22,
CHK-00195,T-321,Construction Punch List,Adjust door closer,OWN-001,Verified,Medium,2026-08-15,2026-09-28,2026-09-01,2026-09-01,
CHK-00196,T-321,Low-Voltage / Network,Activate data drops,OWN-005,Verified,High,2026-07-29,2026-08-22,2026-08-07,2026-08-07,
CHK-00197,T-321,Biomed Equipment Check,Electrical safety test,OWN-004,Verified,Low,2026-08-06,2026-10-07,2026-09-01,2026-09-01,
CHK-00198,T-321,Furniture & Fixtures,Mount whiteboard,OWN-018,Verified,Medium,2026-06-13,2026-10-10,2026-06-24,2026-06-24,
CHK-00199,T-321,Clinical Supplies Stocked,Stock isolation cart,OWN-018,Complete,Low,2026-08-06,2026-10-08,2026-08-23,2026-08-23,
CHK-00200,T-321,Signage & Wayfinding,Install exit signage,OWN-001,Complete,High,2026-08-21,2026-10-26,2026-09-01,2026-09-01,
CHK-00201,T-321,Life Safety Inspection,Fire extinguisher inspection,OWN-014,Verified,Medium,2026-06-26,2026-10-14,2026-07-06,2026-07-06,
CHK-00202,T-321,Terminal Clean,Terminal clean and UV cycle,OWN-010,Verified,Medium,2026-06-22,2026-10-08,2026-06-30,2026-06-30,
CHK-00203,T-321,Staff Training / Orientation,Bed controls training,OWN-008,Complete,Medium,2026-06-21,2026-11-09,2026-07-19,2026-07-19,
CHK-00204,T-321,Clinical Workflow Validation,Code blue drill,OWN-008,Verified,Medium,2026-06-23,2026-10-13,2026-07-08,2026-07-08,
CHK-00205,T-322,Construction Punch List,Replace scratched floor tile,OWN-001,Complete,High,2026-05-24,2026-09-27,2026-05-31,2026-05-31,
CHK-00206,T-322,Low-Voltage / Network,Test Wi-Fi coverage,OWN-005,Complete,Medium,2026-08-19,2026-09-28,2026-09-01,2026-09-01,
CHK-00207,T-322,Biomed Equipment Check,Electrical safety test,OWN-004,Complete,Medium,2026-06-17,2026-09-30,2026-06-25,2026-06-25,
CHK-00208,T-322,Furniture & Fixtures,Deliver visitor chair,OWN-018,Complete,High,2026-07-20,2026-08-09,2026-07-30,2026-07-30,
CHK-00209,T-322,Clinical Supplies Stocked,Stock linen shelf,OWN-018,Verified,Medium,2026-06-18,2026-10-10,2026-07-28,2026-07-28,
CHK-00210,T-322,Signage & Wayfinding,Install exit signage,OWN-002,Verified,High,2026-06-19,2026-10-03,2026-07-01,2026-07-01,
CHK-00211,T-322,Life Safety Inspection,Fire extinguisher inspection,OWN-016,Verified,High,2026-07-16,2026-10-08,2026-07-25,2026-07-25,
CHK-00212,T-322,Terminal Clean,ATP swab verification,OWN-010,Complete,Low,2026-08-17,2026-10-20,2026-09-01,2026-09-01,
CHK-00213,T-322,Staff Training / Orientation,Nurse call training,OWN-007,Complete,Low,2026-06-03,2026-10-30,2026-06-14,2026-06-14,
CHK-00214,T-322,Clinical Workflow Validation,Admission workflow tabletop,OWN-007,Complete,High,2026-06-30,2026-09-25,2026-07-28,2026-07-28,
CHK-00215,T-401,Construction Punch List,Seal ceiling penetrations,OWN-001,Verified,Low,2026-06-13,2026-07-21,2026-07-09,2026-07-09,
CHK-00216,T-401,Low-Voltage / Network,Label patch panel ports,OWN-005,In Progress,High,2026-06-09,2026-06-23,,2026-08-27,
CHK-00217,T-401,Biomed Equipment Check,Preventive maintenance tag,OWN-003,Complete,Medium,2026-06-24,2026-10-12,2026-08-03,2026-08-03,
CHK-00218,T-401,Furniture & Fixtures,Install privacy curtain,OWN-018,Complete,Medium,2026-08-09,2026-09-09,2026-09-01,2026-09-01,
CHK-00219,T-401,Clinical Supplies Stocked,Stock linen shelf,OWN-018,Verified,Medium,2026-08-28,2026-10-22,2026-09-01,2026-09-01,
CHK-00220,T-401,Signage & Wayfinding,Install exit signage,OWN-001,In Progress,High,2026-08-01,2026-09-18,,2026-08-12,
CHK-00221,T-401,Life Safety Inspection,Emergency power receptacle test,OWN-015,Verified,Low,2026-08-16,2026-09-21,2026-08-21,2026-08-21,
CHK-00222,T-401,Terminal Clean,ATP swab verification,OWN-010,Not Started,Medium,2026-06-22,2026-09-20,,2026-08-29,
CHK-00223,T-401,Staff Training / Orientation,Unit walk-through completed,OWN-008,Complete,High,2026-07-02,2026-09-27,2026-08-09,2026-08-09,
CHK-00224,T-401,Clinical Workflow Validation,Code blue drill,OWN-008,Verified,Low,2026-06-09,2026-10-12,2026-06-24,2026-06-24,
CHK-00225,T-402,Construction Punch List,Seal ceiling penetrations,OWN-001,Complete,Medium,2026-08-28,2026-10-10,2026-09-01,2026-09-01,
CHK-00226,T-402,Low-Voltage / Network,Label patch panel ports,OWN-006,Complete,High,2026-07-17,2026-08-11,2026-08-17,2026-08-17,
CHK-00227,T-402,Biomed Equipment Check,Preventive maintenance tag,OWN-003,Complete,Medium,2026-08-06,2026-10-14,2026-09-01,2026-09-01,
CHK-00228,T-402,Furniture & Fixtures,Mount whiteboard,OWN-017,Blocked,High,2026-08-03,2026-09-01,,2026-08-15,Waiting on vendor
CHK-00229,T-402,Clinical Supplies Stocked,Stock PPE cabinet,OWN-017,Complete,Low,2026-06-06,2026-09-25,2026-07-16,2026-07-16,
CHK-00230,T-402,Signage & Wayfinding,Install exit signage,OWN-002,Verified,High,2026-07-20,2026-09-25,2026-08-26,2026-08-26,
CHK-00231,T-402,Life Safety Inspection,Sprinkler head clearance,OWN-016,Complete,High,2026-06-25,2026-10-09,2026-07-21,2026-07-21,
CHK-00232,T-402,Terminal Clean,ATP swab verification,OWN-010,Verified,Low,2026-06-21,2026-10-24,2026-07-24,2026-07-24,
CHK-00233,T-402,Staff Training / Orientation,Nurse call training,OWN-008,Complete,Medium,2026-07-02,2026-10-19,2026-08-05,2026-08-05,
CHK-00234,T-402,Clinical Workflow Validation,Admission workflow tabletop,OWN-008,Verified,Medium,2026-08-03,2026-10-02,2026-09-01,2026-09-01,
CHK-00235,T-403,Construction Punch List,Seal ceiling penetrations,OWN-002,In Progress,High,2026-08-06,2026-10-25,,2026-08-28,
CHK-00236,T-403,Low-Voltage / Network,Verify RTLS badge reader,OWN-006,Verified,Medium,2026-07-07,2026-10-17,2026-07-31,2026-07-31,
CHK-00237,T-403,Biomed Equipment Check,Asset tag and CMMS entry,OWN-003,Complete,Medium,2026-06-17,2026-10-26,2026-06-24,2026-06-24,
CHK-00238,T-403,Furniture & Fixtures,Mount whiteboard,OWN-018,In Progress,Medium,2026-08-04,2026-08-27,,2026-09-01,
CHK-00239,T-403,Clinical Supplies Stocked,Par-level check,OWN-018,Not Started,High,2026-06-10,2026-10-07,,2026-08-30,
CHK-00240,T-403,Signage & Wayfinding,Install room number sign,OWN-001,In Progress,Low,2026-08-23,2026-10-15,,2026-08-31,
CHK-00241,T-403,Life Safety Inspection,Emergency power receptacle test,OWN-015,Verified,Medium,2026-06-10,2026-11-03,2026-07-09,2026-07-09,
CHK-00242,T-403,Terminal Clean,ATP swab verification,OWN-009,Not Started,Medium,2026-07-28,2026-10-18,,2026-09-01,
CHK-00243,T-403,Staff Training / Orientation,Nurse call training,OWN-008,Complete,Medium,2026-06-22,2026-10-29,2026-07-11,2026-07-11,
CHK-00244,T-403,Clinical Workflow Validation,Code blue drill,OWN-008,Complete,Medium,2026-05-27,2026-10-12,2026-06-02,2026-06-02,
CHK-00245,T-404,Construction Punch List,Replace scratched floor tile,OWN-001,Not Started,High,2026-08-08,2026-10-12,,2026-08-28,
CHK-00246,T-404,Low-Voltage / Network,Verify RTLS badge reader,OWN-006,Verified,Low,2026-07-20,2026-08-21,2026-08-07,2026-08-07,
CHK-00247,T-404,Biomed Equipment Check,Alarm integration test,OWN-004,Complete,High,2026-07-14,2026-09-26,2026-08-17,2026-08-17,
CHK-00248,T-404,Furniture & Fixtures,Install overbed table,OWN-017,In Progress,High,2026-08-13,2026-10-17,,2026-08-13,
CHK-00249,T-404,Clinical Supplies Stocked,Stock PPE cabinet,OWN-017,Verified,Medium,2026-08-21,2026-10-03,2026-09-01,2026-09-01,
CHK-00250,T-404,Signage & Wayfinding,Braille compliance check,OWN-001,Complete,High,2026-08-19,2026-10-27,2026-09-01,2026-09-01,
CHK-00251,T-404,Life Safety Inspection,Emergency power receptacle test,OWN-015,Not Started,Medium,2026-07-11,2026-10-14,,2026-08-27,
CHK-00252,T-404,Staff Training / Orientation,Nurse call training,OWN-008,In Progress,Medium,2026-08-26,2026-10-31,,2026-08-26,
CHK-00253,T-404,Clinical Workflow Validation,Med admin end-to-end test,OWN-007,Blocked,Medium,2026-07-26,2026-09-28,,2026-08-27,Access restricted by construction
CHK-00254,T-405,Construction Punch List,Seal ceiling penetrations,OWN-002,Complete,Medium,2026-06-09,2026-09-29,2026-07-13,2026-07-13,
CHK-00255,T-405,Low-Voltage / Network,Label patch panel ports,OWN-005,Verified,Medium,2026-08-18,2026-09-24,2026-09-01,2026-09-01,
CHK-00256,T-405,Biomed Equipment Check,Asset tag and CMMS entry,OWN-004,Verified,Medium,2026-05-24,2026-10-18,2026-06-16,2026-06-16,
CHK-00257,T-405,Furniture & Fixtures,Install overbed table,OWN-018,Complete,Medium,2026-06-28,2026-09-26,2026-07-18,2026-07-18,
CHK-00258,T-405,Clinical Supplies Stocked,Stock isolation cart,OWN-018,Complete,Low,2026-08-29,2026-09-21,2026-09-01,2026-09-01,
CHK-00259,T-405,Signage & Wayfinding,Install exit signage,OWN-001,Verified,High,2026-07-29,2026-10-16,2026-08-23,2026-08-23,
CHK-00260,T-405,Life Safety Inspection,Emergency power receptacle test,OWN-015,Verified,Medium,2026-07-30,2026-09-23,2026-09-01,2026-09-01,
CHK-00261,T-405,Terminal Clean,Terminal clean and UV cycle,OWN-010,Verified,High,2026-08-05,2026-10-22,2026-08-17,2026-08-17,
CHK-00262,T-405,Staff Training / Orientation,Nurse call training,OWN-007,Verified,Medium,2026-07-03,2026-10-09,2026-08-12,2026-08-12,
CHK-00263,T-405,Clinical Workflow Validation,Admission workflow tabletop,OWN-008,Verified,High,2026-06-22,2026-10-25,2026-07-04,2026-07-04,
CHK-00264,T-406,Construction Punch List,Patch and paint wall behind headwall,OWN-002,Complete,High,2026-05-28,2026-06-16,2026-06-07,2026-06-07,
CHK-00265,T-406,Low-Voltage / Network,Label patch panel ports,OWN-005,Verified,Low,2026-06-27,2026-10-04,2026-06-30,2026-06-30,
CHK-00266,T-406,Biomed Equipment Check,Alarm integration test,OWN-003,Not Started,High,2026-08-22,2026-10-16,,2026-08-24,
CHK-00267,T-406,Furniture & Fixtures,Mount whiteboard,OWN-018,In Progress,Medium,2026-07-12,2026-10-26,,2026-08-04,
CHK-00268,T-406,Clinical Supplies Stocked,Par-level check,OWN-017,Verified,Medium,2026-05-27,2026-10-31,2026-06-09,2026-06-09,
CHK-00269,T-406,Signage & Wayfinding,Install exit signage,OWN-001,Not Started,Medium,2026-06-30,2026-10-09,,2026-08-17,
CHK-00270,T-406,Life Safety Inspection,Emergency power receptacle test,OWN-015,Verified,Medium,2026-06-20,2026-09-30,2026-06-28,2026-06-28,
CHK-00271,T-406,Staff Training / Orientation,Bed controls training,OWN-008,Blocked,Medium,2026-06-05,2026-10-20,,2026-08-19,Parts back-ordered
CHK-00272,T-406,Clinical Workflow Validation,Admission workflow tabletop,OWN-007,Complete,Low,2026-06-16,2026-10-26,2026-07-12,2026-07-12,
CHK-00273,T-407,Construction Punch List,Patch and paint wall behind headwall,OWN-001,Complete,High,2026-06-02,2026-06-25,2026-06-26,2026-06-26,
CHK-00274,T-407,Low-Voltage / Network,Label patch panel ports,OWN-005,Verified,Medium,2026-06-11,2026-06-28,2026-06-15,2026-06-15,
CHK-00275,T-407,Biomed Equipment Check,Asset tag and CMMS entry,OWN-004,Complete,Low,2026-08-13,2026-09-25,2026-08-28,2026-08-28,
CHK-00276,T-407,Furniture & Fixtures,Mount whiteboard,OWN-018,Verified,Low,2026-08-05,2026-09-12,2026-08-28,2026-08-28,
CHK-00277,T-407,Clinical Supplies Stocked,Par-level check,OWN-017,Complete,Medium,2026-07-04,2026-09-21,2026-07-23,2026-07-23,
CHK-00278,T-407,Signage & Wayfinding,Braille compliance check,OWN-001,Complete,High,2026-07-19,2026-09-27,2026-08-06,2026-08-06,
CHK-00279,T-407,Life Safety Inspection,Emergency power receptacle test,OWN-015,Verified,High,2026-07-23,2026-10-10,2026-08-27,2026-08-27,
CHK-00280,T-407,Terminal Clean,ATP swab verification,OWN-009,Verified,Medium,2026-08-06,2026-10-25,2026-09-01,2026-09-01,
CHK-00281,T-407,Staff Training / Orientation,Bed controls training,OWN-008,Verified,Medium,2026-06-22,2026-10-02,2026-07-05,2026-07-05,
CHK-00282,T-407,Clinical Workflow Validation,Med admin end-to-end test,OWN-008,Verified,High,2026-07-24,2026-10-06,2026-08-20,2026-08-20,
CHK-00283,T-408,Construction Punch List,Patch and paint wall behind headwall,OWN-001,Complete,High,2026-08-21,2026-09-12,2026-09-01,2026-09-01,
CHK-00284,T-408,Low-Voltage / Network,Label patch panel ports,OWN-005,Verified,Medium,2026-08-25,2026-10-16,2026-09-01,2026-09-01,
CHK-00285,T-408,Biomed Equipment Check,Alarm integration test,OWN-003,Complete,Medium,2026-08-20,2026-11-09,2026-09-01,2026-09-01,
CHK-00286,T-408,Furniture & Fixtures,Install overbed table,OWN-018,Complete,Medium,2026-07-14,2026-10-14,2026-08-07,2026-08-07,
CHK-00287,T-408,Clinical Supplies Stocked,Stock PPE cabinet,OWN-017,Complete,Medium,2026-07-22,2026-11-05,2026-08-05,2026-08-05,
CHK-00288,T-408,Signage & Wayfinding,Braille compliance check,OWN-001,Complete,Medium,2026-08-05,2026-10-28,2026-09-01,2026-09-01,
CHK-00289,T-408,Life Safety Inspection,Emergency power receptacle test,OWN-016,Not Started,Medium,2026-06-19,2026-10-05,,2026-09-01,
CHK-00290,T-408,Terminal Clean,ATP swab verification,OWN-009,Blocked,Medium,2026-08-08,2026-10-29,,2026-08-28,Awaiting inspection sign-off
CHK-00291,T-408,Staff Training / Orientation,Nurse call training,OWN-008,Verified,Medium,2026-07-15,2026-10-20,2026-08-20,2026-08-20,
CHK-00292,T-408,Clinical Workflow Validation,Admission workflow tabletop,OWN-007,Complete,Medium,2026-05-29,2026-10-20,2026-07-07,2026-07-07,
CHK-00293,T-409,Construction Punch List,Replace scratched floor tile,OWN-001,Complete,Medium,2026-05-26,2026-07-07,2026-06-24,2026-06-24,
CHK-00294,T-409,Low-Voltage / Network,Activate data drops,OWN-006,Not Started,Low,2026-06-14,2026-07-06,,2026-08-17,
CHK-00295,T-409,Biomed Equipment Check,Preventive maintenance tag,OWN-003,Verified,High,2026-07-20,2026-11-08,2026-08-07,2026-08-07,
CHK-00296,T-409,Furniture & Fixtures,Install privacy curtain,OWN-018,Verified,High,2026-08-12,2026-09-10,2026-08-27,2026-08-27,
CHK-00297,T-409,Clinical Supplies Stocked,Par-level check,OWN-017,Verified,Medium,2026-08-02,2026-11-05,2026-08-23,2026-08-23,
CHK-00298,T-409,Signage & Wayfinding,Braille compliance check,OWN-002,Blocked,High,2026-06-01,2026-10-04,,2026-08-23,Awaiting inspection sign-off
CHK-00299,T-409,Life Safety Inspection,Med gas alarm test,OWN-015,Verified,Low,2026-08-22,2026-10-19,2026-09-01,2026-09-01,
CHK-00300,T-409,Staff Training / Orientation,Bed controls training,OWN-008,Complete,High,2026-05-26,2026-10-02,2026-05-27,2026-05-27,
CHK-00301,T-409,Clinical Workflow Validation,Admission workflow tabletop,OWN-008,Complete,Medium,2026-07-20,2026-10-06,2026-08-26,2026-08-26,
CHK-00302,T-410,Construction Punch List,Patch and paint wall behind headwall,OWN-001,Verified,Medium,2026-08-23,2026-10-01,2026-09-01,2026-09-01,
CHK-00303,T-410,Low-Voltage / Network,Activate data drops,OWN-006,Complete,High,2026-08-11,2026-08-30,2026-09-01,2026-09-01,
CHK-00304,T-410,Biomed Equipment Check,Alarm integration test,OWN-003,Verified,Medium,2026-07-05,2026-10-18,2026-07-14,2026-07-14,
CHK-00305,T-410,Furniture & Fixtures,Mount whiteboard,OWN-017,Complete,High,2026-08-04,2026-09-23,2026-08-20,2026-08-20,
CHK-00306,T-410,Clinical Supplies Stocked,Stock PPE cabinet,OWN-018,Verified,Medium,2026-06-03,2026-09-20,2026-06-09,2026-06-09,
CHK-00307,T-410,Signage & Wayfinding,Braille compliance check,OWN-001,Verified,Medium,2026-07-19,2026-10-04,2026-08-27,2026-08-27,
CHK-00308,T-410,Life Safety Inspection,Sprinkler head clearance,OWN-015,Verified,High,2026-07-16,2026-09-28,2026-08-25,2026-08-25,
CHK-00309,T-410,Terminal Clean,Terminal clean and UV cycle,OWN-009,Verified,High,2026-07-13,2026-10-17,2026-07-19,2026-07-19,
CHK-00310,T-410,Staff Training / Orientation,Nurse call training,OWN-007,Complete,Medium,2026-08-11,2026-10-08,2026-08-12,2026-08-12,
CHK-00311,T-410,Clinical Workflow Validation,Admission workflow tabletop,OWN-007,Verified,Medium,2026-07-18,2026-10-13,2026-08-22,2026-08-22,
CHK-00312,T-411,Construction Punch List,Replace scratched floor tile,OWN-001,Complete,High,2026-06-20,2026-07-13,2026-06-22,2026-06-22,
CHK-00313,T-411,Low-Voltage / Network,Verify RTLS badge reader,OWN-005,Verified,High,2026-08-04,2026-10-09,2026-08-08,2026-08-08,
CHK-00314,T-411,Biomed Equipment Check,Electrical safety test,OWN-004,Complete,Low,2026-06-06,2026-10-03,2026-06-13,2026-06-13,
CHK-00315,T-411,Furniture & Fixtures,Install privacy curtain,OWN-018,Complete,Low,2026-07-31,2026-09-24,2026-08-07,2026-08-07,
CHK-00316,T-411,Clinical Supplies Stocked,Par-level check,OWN-017,Complete,High,2026-08-06,2026-10-14,2026-09-01,2026-09-01,
CHK-00317,T-411,Signage & Wayfinding,Install room number sign,OWN-001,Not Started,Medium,2026-07-21,2026-10-05,,2026-08-27,
CHK-00318,T-411,Life Safety Inspection,Emergency power receptacle test,OWN-014,Verified,Medium,2026-06-10,2026-10-07,2026-06-26,2026-06-26,
CHK-00319,T-411,Terminal Clean,Terminal clean and UV cycle,OWN-010,Blocked,Low,2026-08-26,2026-09-21,,2026-08-26,Dependency on another item
CHK-00320,T-411,Staff Training / Orientation,Bed controls training,OWN-007,Verified,Medium,2026-05-28,2026-10-02,2026-07-01,2026-07-01,
CHK-00321,T-411,Clinical Workflow Validation,Code blue drill,OWN-008,Complete,Medium,2026-07-06,2026-10-07,2026-08-14,2026-08-14,
CHK-00322,T-412,Construction Punch List,Seal ceiling penetrations,OWN-001,Verified,Medium,2026-08-12,2026-10-14,2026-08-21,2026-08-21,
CHK-00323,T-412,Low-Voltage / Network,Activate data drops,OWN-005,Not Started,High,2026-08-11,2026-09-20,,2026-08-16,
CHK-00324,T-412,Biomed Equipment Check,Alarm integration test,OWN-004,In Progress,Medium,2026-08-11,2026-10-25,,2026-08-11,
CHK-00325,T-412,Furniture & Fixtures,Mount whiteboard,OWN-017,Complete,High,2026-06-09,2026-10-09,2026-06-19,2026-06-19,
CHK-00326,T-412,Clinical Supplies Stocked,Stock isolation cart,OWN-017,Verified,High,2026-06-12,2026-10-09,2026-07-21,2026-07-21,
CHK-00327,T-412,Signage & Wayfinding,Braille compliance check,OWN-002,Verified,Medium,2026-08-19,2026-09-26,2026-08-28,2026-08-28,
CHK-00328,T-412,Life Safety Inspection,Sprinkler head clearance,OWN-014,Verified,High,2026-07-11,2026-09-25,2026-08-11,2026-08-11,
CHK-00329,T-412,Staff Training / Orientation,Unit walk-through completed,OWN-007,Complete,Medium,2026-08-28,2026-10-09,2026-09-01,2026-09-01,
CHK-00330,T-412,Clinical Workflow Validation,Code blue drill,OWN-007,Verified,Medium,2026-07-04,2026-09-25,2026-07-25,2026-07-25,
CHK-00331,T-413,Construction Punch List,Replace scratched floor tile,OWN-001,Complete,Medium,2026-06-13,2026-10-16,2026-07-04,2026-07-04,
CHK-00332,T-413,Low-Voltage / Network,Verify RTLS badge reader,OWN-005,Verified,Medium,2026-08-24,2026-10-25,2026-09-01,2026-09-01,
CHK-00333,T-413,Biomed Equipment Check,Asset tag and CMMS entry,OWN-004,Complete,Medium,2026-06-10,2026-11-06,2026-06-23,2026-06-23,
CHK-00334,T-413,Furniture & Fixtures,Install overbed table,OWN-017,Verified,Medium,2026-07-24,2026-09-03,2026-08-12,2026-08-12,
CHK-00335,T-413,Clinical Supplies Stocked,Stock isolation cart,OWN-017,Complete,Medium,2026-08-18,2026-10-08,2026-08-26,2026-08-26,
CHK-00336,T-413,Signage & Wayfinding,Braille compliance check,OWN-001,Verified,Low,2026-08-26,2026-10-29,2026-09-01,2026-09-01,
CHK-00337,T-413,Life Safety Inspection,Fire extinguisher inspection,OWN-014,Verified,Medium,2026-07-19,2026-10-30,2026-07-27,2026-07-27,
CHK-00338,T-413,Terminal Clean,Terminal clean and UV cycle,OWN-010,Verified,Medium,2026-05-31,2026-10-16,2026-07-03,2026-07-03,
CHK-00339,T-413,Staff Training / Orientation,Bed controls training,OWN-007,Verified,High,2026-08-08,2026-10-19,2026-09-01,2026-09-01,
CHK-00340,T-413,Clinical Workflow Validation,Code blue drill,OWN-008,Verified,Medium,2026-05-30,2026-11-06,2026-06-26,2026-06-26,
CHK-00341,T-414,Construction Punch List,Patch and paint wall behind headwall,OWN-002,Not Started,High,2026-07-24,2026-11-02,,2026-08-20,
CHK-00342,T-414,Low-Voltage / Network,Verify RTLS badge reader,OWN-005,Complete,High,2026-06-27,2026-11-09,2026-08-05,2026-08-05,
CHK-00343,T-414,Biomed Equipment Check,Electrical safety test,OWN-003,Complete,High,2026-07-02,2026-10-14,2026-07-31,2026-07-31,
CHK-00344,T-414,Furniture & Fixtures,Mount whiteboard,OWN-017,Complete,High,2026-06-11,2026-10-27,2026-06-15,2026-06-15,
CHK-00345,T-414,Clinical Supplies Stocked,Stock linen shelf,OWN-018,Verified,Low,2026-08-11,2026-11-07,2026-09-01,2026-09-01,
CHK-00346,T-414,Signage & Wayfinding,Braille compliance check,OWN-002,Verified,Medium,2026-07-07,2026-10-29,2026-07-18,2026-07-18,
CHK-00347,T-414,Life Safety Inspection,Sprinkler head clearance,OWN-015,Complete,Medium,2026-06-14,2026-10-04,2026-07-20,2026-07-20,
CHK-00348,T-414,Terminal Clean,ATP swab verification,OWN-009,Verified,Medium,2026-07-22,2026-10-20,2026-08-15,2026-08-15,
CHK-00349,T-414,Staff Training / Orientation,Bed controls training,OWN-008,In Progress,Medium,2026-08-21,2026-10-22,,2026-09-01,
CHK-00350,T-414,Clinical Workflow Validation,Admission workflow tabletop,OWN-007,Verified,Medium,2026-08-03,2026-10-27,2026-09-01,2026-09-01,
CHK-00351,T-415,Construction Punch List,Seal ceiling penetrations,OWN-002,Not Started,Medium,2026-06-23,2026-10-03,,2026-08-07,
CHK-00352,T-415,Low-Voltage / Network,Verify RTLS badge reader,OWN-006,Verified,Medium,2026-06-23,2026-10-11,2026-07-02,2026-07-02,
CHK-00353,T-415,Biomed Equipment Check,Preventive maintenance tag,OWN-003,Verified,High,2026-06-12,2026-10-19,2026-07-01,2026-07-01,
CHK-00354,T-415,Furniture & Fixtures,Deliver visitor chair,OWN-018,Verified,High,2026-08-14,2026-10-20,2026-09-01,2026-09-01,
CHK-00355,T-415,Clinical Supplies Stocked,Stock isolation cart,OWN-018,Verified,High,2026-06-09,2026-10-20,2026-06-10,2026-06-10,
CHK-00356,T-415,Signage & Wayfinding,Install exit signage,OWN-001,Verified,High,2026-07-22,2026-10-01,2026-08-27,2026-08-27,
CHK-00357,T-415,Life Safety Inspection,Fire extinguisher inspection,OWN-014,Verified,High,2026-07-10,2026-09-27,2026-08-19,2026-08-19,
CHK-00358,T-415,Terminal Clean,Terminal clean and UV cycle,OWN-010,Not Started,High,2026-06-29,2026-10-03,,2026-08-06,
CHK-00359,T-415,Staff Training / Orientation,Nurse call training,OWN-007,Verified,Low,2026-06-22,2026-10-12,2026-07-22,2026-07-22,
CHK-00360,T-415,Clinical Workflow Validation,Med admin end-to-end test,OWN-007,Verified,High,2026-05-29,2026-10-13,2026-07-04,2026-07-04,
CHK-00361,T-416,Construction Punch List,Patch and paint wall behind headwall,OWN-002,Complete,Low,2026-07-15,2026-08-07,2026-08-02,2026-08-02,
CHK-00362,T-416,Low-Voltage / Network,Activate data drops,OWN-006,Complete,Medium,2026-08-08,2026-10-09,2026-08-20,2026-08-20,
CHK-00363,T-416,Biomed Equipment Check,Electrical safety test,OWN-004,Verified,Low,2026-08-25,2026-10-16,2026-09-01,2026-09-01,
CHK-00364,T-416,Furniture & Fixtures,Install overbed table,OWN-018,Verified,Medium,2026-07-22,2026-08-24,2026-08-03,2026-08-03,
CHK-00365,T-416,Clinical Supplies Stocked,Stock PPE cabinet,OWN-018,Complete,Low,2026-08-18,2026-10-05,2026-09-01,2026-09-01,
CHK-00366,T-416,Signage & Wayfinding,Install exit signage,OWN-002,Verified,High,2026-07-17,2026-10-03,2026-08-20,2026-08-20,
CHK-00367,T-416,Life Safety Inspection,Med gas alarm test,OWN-015,Blocked,Medium,2026-06-24,2026-10-25,,2026-09-01,Awaiting inspection sign-off
CHK-00368,T-416,Staff Training / Orientation,Nurse call training,OWN-008,Verified,Low,2026-08-24,2026-09-25,2026-08-30,2026-08-30,
CHK-00369,T-416,Clinical Workflow Validation,Med admin end-to-end test,OWN-008,Verified,Medium,2026-06-06,2026-10-14,2026-06-08,2026-06-08,
CHK-00370,T-501,Construction Punch List,Seal ceiling penetrations,OWN-002,Verified,Medium,2026-08-04,2026-09-04,2026-09-01,2026-09-01,
CHK-00371,T-501,Low-Voltage / Network,Activate data drops,OWN-005,Verified,Medium,2026-08-09,2026-08-23,2026-09-01,2026-09-01,
CHK-00372,T-501,Biomed Equipment Check,Preventive maintenance tag,OWN-003,Complete,High,2026-07-26,2026-10-17,2026-08-14,2026-08-14,
CHK-00373,T-501,Furniture & Fixtures,Install overbed table,OWN-017,In Progress,Medium,2026-07-17,2026-10-23,,2026-08-29,
CHK-00374,T-501,Clinical Supplies Stocked,Par-level check,OWN-018,Verified,Medium,2026-07-10,2026-10-15,2026-08-18,2026-08-18,
CHK-00375,T-501,Signage & Wayfinding,Braille compliance check,OWN-001,Not Started,High,2026-05-30,2026-09-22,,2026-08-29,
CHK-00376,T-501,Life Safety Inspection,Med gas alarm test,OWN-015,Not Started,High,2026-06-01,2026-09-27,,2026-08-30,
CHK-00377,T-501,Staff Training / Orientation,Unit walk-through completed,OWN-008,Not Started,Medium,2026-06-12,2026-10-10,,2026-08-14,
CHK-00378,T-501,Clinical Workflow Validation,Admission workflow tabletop,OWN-008,Not Started,Medium,2026-07-02,2026-09-25,,2026-08-29,
CHK-00379,T-502,Construction Punch List,Patch and paint wall behind headwall,OWN-002,Not Started,Low,2026-07-24,2026-10-02,,2026-08-28,
CHK-00380,T-502,Low-Voltage / Network,Verify RTLS badge reader,OWN-006,Not Started,Medium,2026-07-19,2026-11-05,,2026-08-09,
CHK-00381,T-502,Biomed Equipment Check,Alarm integration test,OWN-004,Verified,High,2026-07-29,2026-10-05,2026-08-09,2026-08-09,
CHK-00382,T-502,Furniture & Fixtures,Install privacy curtain,OWN-017,Verified,High,2026-06-02,2026-10-13,2026-07-09,2026-07-09,
CHK-00383,T-502,Clinical Supplies Stocked,Par-level check,OWN-018,In Progress,Medium,2026-05-27,2026-10-04,,2026-08-23,
CHK-00384,T-502,Signage & Wayfinding,Braille compliance check,OWN-001,Not Started,Medium,2026-08-07,2026-10-21,,2026-08-24,
CHK-00385,T-502,Life Safety Inspection,Fire extinguisher inspection,OWN-014,In Progress,High,2026-07-12,2026-10-20,,2026-08-27,
CHK-00386,T-502,Staff Training / Orientation,Unit walk-through completed,OWN-008,In Progress,Medium,2026-05-25,2026-11-09,,2026-08-05,
CHK-00387,T-502,Clinical Workflow Validation,Admission workflow tabletop,OWN-008,Complete,High,2026-06-17,2026-10-12,2026-06-30,2026-06-30,
CHK-00388,T-503,Construction Punch List,Seal ceiling penetrations,OWN-001,Not Started,Medium,2026-06-04,2026-07-15,,2026-07-28,
CHK-00389,T-503,Low-Voltage / Network,Label patch panel ports,OWN-005,In Progress,High,2026-06-25,2026-07-17,,2026-08-25,
CHK-00390,T-503,Biomed Equipment Check,Electrical safety test,OWN-003,In Progress,Medium,2026-07-15,2026-10-26,,2026-07-30,
CHK-00391,T-503,Furniture & Fixtures,Mount whiteboard,OWN-017,In Progress,Medium,2026-06-10,2026-07-18,,2026-08-29,
CHK-00392,T-503,Clinical Supplies Stocked,Stock isolation cart,OWN-018,Verified,Low,2026-07-11,2026-10-10,2026-08-07,2026-08-07,
CHK-00393,T-503,Signage & Wayfinding,Install room number sign,OWN-002,In Progress,Medium,2026-08-12,2026-11-02,,2026-09-01,
CHK-00394,T-503,Life Safety Inspection,Med gas alarm test,OWN-016,Not Started,Medium,2026-08-12,2026-10-28,,2026-08-29,
CHK-00395,T-503,Terminal Clean,ATP swab verification,OWN-010,Verified,Medium,2026-06-25,2026-10-06,2026-07-31,2026-07-31,
CHK-00396,T-503,Staff Training / Orientation,Nurse call training,OWN-007,Verified,Medium,2026-06-13,2026-11-02,2026-07-20,2026-07-20,
CHK-00397,T-503,Clinical Workflow Validation,Admission workflow tabletop,OWN-007,Verified,Medium,2026-06-21,2026-09-27,2026-07-15,2026-07-15,
CHK-00398,T-504,Construction Punch List,Seal ceiling penetrations,OWN-002,In Progress,Medium,2026-08-15,2026-11-04,,2026-08-27,
CHK-00399,T-504,Low-Voltage / Network,Label patch panel ports,OWN-005,Complete,Low,2026-06-12,2026-07-26,2026-06-17,2026-06-17,
CHK-00400,T-504,Biomed Equipment Check,Alarm integration test,OWN-004,Complete,Medium,2026-08-28,2026-10-10,2026-09-01,2026-09-01,
CHK-00401,T-504,Furniture & Fixtures,Install privacy curtain,OWN-018,Not Started,High,2026-07-23,2026-08-08,,2026-08-07,
CHK-00402,T-504,Clinical Supplies Stocked,Stock linen shelf,OWN-017,Complete,High,2026-08-08,2026-10-04,2026-08-12,2026-08-12,
CHK-00403,T-504,Signage & Wayfinding,Install exit signage,OWN-001,Verified,Medium,2026-06-26,2026-11-05,2026-07-14,2026-07-14,
CHK-00404,T-504,Life Safety Inspection,Sprinkler head clearance,OWN-016,Verified,Medium,2026-07-28,2026-11-09,2026-08-05,2026-08-05,
CHK-00405,T-504,Terminal Clean,ATP swab verification,OWN-009,Complete,Medium,2026-08-07,2026-10-24,2026-08-23,2026-08-23,
CHK-00406,T-504,Staff Training / Orientation,Unit walk-through completed,OWN-008,Not Started,Medium,2026-07-17,2026-11-04,,2026-08-07,
CHK-00407,T-504,Clinical Workflow Validation,Med admin end-to-end test,OWN-007,Complete,High,2026-07-11,2026-10-25,2026-08-09,2026-08-09,
CHK-00408,T-505,Construction Punch List,Patch and paint wall behind headwall,OWN-001,Blocked,Medium,2026-07-16,2026-08-15,,2026-08-23,Access restricted by construction
CHK-00409,T-505,Low-Voltage / Network,Verify RTLS badge reader,OWN-006,Verified,Medium,2026-05-26,2026-10-06,2026-06-10,2026-06-10,
CHK-00410,T-505,Biomed Equipment Check,Alarm integration test,OWN-004,Verified,Medium,2026-07-05,2026-11-09,2026-07-24,2026-07-24,
CHK-00411,T-505,Furniture & Fixtures,Install privacy curtain,OWN-018,Not Started,Medium,2026-06-03,2026-11-03,,2026-08-06,
CHK-00412,T-505,Clinical Supplies Stocked,Stock linen shelf,OWN-018,In Progress,Medium,2026-07-26,2026-10-19,,2026-09-01,
CHK-00413,T-505,Signage & Wayfinding,Install exit signage,OWN-001,In Progress,Medium,2026-07-30,2026-10-03,,2026-08-10,
CHK-00414,T-505,Life Safety Inspection,Med gas alarm test,OWN-014,Verified,Medium,2026-08-28,2026-11-05,2026-08-29,2026-08-29,
CHK-00415,T-505,Terminal Clean,Terminal clean and UV cycle,OWN-009,Complete,High,2026-05-29,2026-10-22,2026-06-15,2026-06-15,
CHK-00416,T-505,Staff Training / Orientation,Bed controls training,OWN-007,Verified,Medium,2026-06-14,2026-10-27,2026-07-23,2026-07-23,
CHK-00417,T-505,Clinical Workflow Validation,Med admin end-to-end test,OWN-007,Verified,Low,2026-06-13,2026-11-01,2026-07-08,2026-07-08,
CHK-00418,T-506,Construction Punch List,Seal ceiling penetrations,OWN-002,In Progress,Medium,2026-07-28,2026-08-15,,2026-07-28,
CHK-00419,T-506,Low-Voltage / Network,Verify RTLS badge reader,OWN-006,In Progress,Medium,2026-07-19,2026-08-06,,2026-09-01,
CHK-00420,T-506,Biomed Equipment Check,Electrical safety test,OWN-004,Verified,Low,2026-07-27,2026-10-22,2026-08-25,2026-08-25,
CHK-00421,T-506,Furniture & Fixtures,Mount whiteboard,OWN-018,Verified,High,2026-07-10,2026-08-24,2026-07-17,2026-07-17,
CHK-00422,T-506,Clinical Supplies Stocked,Stock PPE cabinet,OWN-018,In Progress,Medium,2026-07-04,2026-10-17,,2026-09-01,
CHK-00423,T-506,Signage & Wayfinding,Install room number sign,OWN-002,Verified,High,2026-06-27,2026-10-24,2026-06-28,2026-06-28,
CHK-00424,T-506,Life Safety Inspection,Med gas alarm test,OWN-015,In Progress,Medium,2026-07-10,2026-09-27,,2026-08-27,
CHK-00425,T-506,Terminal Clean,ATP swab verification,OWN-009,Not Started,Medium,2026-08-21,2026-09-29,,2026-08-29,
CHK-00426,T-506,Staff Training / Orientation,Unit walk-through completed,OWN-007,Not Started,Medium,2026-07-15,2026-10-12,,2026-08-14,
CHK-00427,T-506,Clinical Workflow Validation,Code blue drill,OWN-007,Not Started,High,2026-07-17,2026-10-28,,2026-08-02,
CHK-00428,T-507,Construction Punch List,Patch and paint wall behind headwall,OWN-002,Verified,Medium,2026-07-11,2026-10-21,2026-08-05,2026-08-05,
CHK-00429,T-507,Low-Voltage / Network,Test Wi-Fi coverage,OWN-006,Not Started,Medium,2026-07-04,2026-11-01,,2026-09-01,
CHK-00430,T-507,Biomed Equipment Check,Electrical safety test,OWN-003,Not Started,Medium,2026-06-08,2026-10-21,,2026-08-29,
CHK-00431,T-507,Furniture & Fixtures,Deliver visitor chair,OWN-017,Complete,Medium,2026-05-29,2026-06-19,2026-06-12,2026-06-12,
CHK-00432,T-507,Clinical Supplies Stocked,Par-level check,OWN-017,Verified,Medium,2026-08-20,2026-11-07,2026-08-30,2026-08-30,
CHK-00433,T-507,Signage & Wayfinding,Install room number sign,OWN-001,Not Started,Medium,2026-08-24,2026-10-25,,2026-08-24,
CHK-00434,T-507,Life Safety Inspection,Fire extinguisher inspection,OWN-014,Not Started,High,2026-08-17,2026-10-11,,2026-08-17,
CHK-00435,T-507,Terminal Clean,ATP swab verification,OWN-010,In Progress,High,2026-08-21,2026-10-28,,2026-08-27,
CHK-00436,T-507,Staff Training / Orientation,Unit walk-through completed,OWN-007,In Progress,Medium,2026-06-21,2026-11-01,,2026-08-31,
CHK-00437,T-507,Clinical Workflow Validation,Med admin end-to-end test,OWN-008,Verified,Medium,2026-08-11,2026-10-14,2026-08-22,2026-08-22,
CHK-00438,T-508,Construction Punch List,Replace scratched floor tile,OWN-001,Complete,High,2026-06-16,2026-07-06,2026-07-26,2026-07-26,
CHK-00439,T-508,Low-Voltage / Network,Label patch panel ports,OWN-006,Complete,Medium,2026-08-29,2026-09-17,2026-09-01,2026-09-01,
CHK-00440,T-508,Biomed Equipment Check,Asset tag and CMMS entry,OWN-004,Not Started,Medium,2026-06-30,2026-11-01,,2026-08-27,
CHK-00441,T-508,Furniture & Fixtures,Install overbed table,OWN-018,Not Started,Medium,2026-06-12,2026-10-02,,2026-08-29,
CHK-00442,T-508,Clinical Supplies Stocked,Stock PPE cabinet,OWN-018,Verified,Low,2026-07-30,2026-10-28,2026-08-07,2026-08-07,
CHK-00443,T-508,Signage & Wayfinding,Braille compliance check,OWN-001,Not Started,High,2026-06-26,2026-10-26,,2026-08-27,
CHK-00444,T-508,Life Safety Inspection,Sprinkler head clearance,OWN-014,Verified,Medium,2026-08-10,2026-10-10,2026-09-01,2026-09-01,
CHK-00445,T-508,Staff Training / Orientation,Bed controls training,OWN-008,In Progress,High,2026-07-24,2026-10-27,,2026-08-30,
CHK-00446,T-508,Clinical Workflow Validation,Code blue drill,OWN-007,Blocked,High,2026-06-22,2026-10-29,,2026-09-01,Parts back-ordered
CHK-00447,T-509,Construction Punch List,Seal ceiling penetrations,OWN-001,Blocked,Medium,2026-06-15,2026-10-14,,2026-08-27,Contractor rework required
CHK-00448,T-509,Low-Voltage / Network,Test Wi-Fi coverage,OWN-005,Verified,Medium,2026-07-30,2026-10-28,2026-08-24,2026-08-24,
CHK-00449,T-509,Biomed Equipment Check,Alarm integration test,OWN-003,Complete,Medium,2026-07-05,2026-10-31,2026-07-19,2026-07-19,
CHK-00450,T-509,Furniture & Fixtures,Mount whiteboard,OWN-018,Verified,High,2026-05-29,2026-07-04,2026-06-16,2026-06-16,
CHK-00451,T-509,Clinical Supplies Stocked,Par-level check,OWN-018,In Progress,High,2026-08-22,2026-10-23,,2026-08-29,
CHK-00452,T-509,Signage & Wayfinding,Braille compliance check,OWN-001,Complete,Medium,2026-07-23,2026-10-02,2026-08-03,2026-08-03,
CHK-00453,T-509,Life Safety Inspection,Med gas alarm test,OWN-014,In Progress,Medium,2026-07-31,2026-11-04,,2026-08-28,
CHK-00454,T-509,Terminal Clean,Terminal clean and UV cycle,OWN-010,Verified,Medium,2026-05-28,2026-10-13,2026-06-13,2026-06-13,
CHK-00455,T-509,Staff Training / Orientation,Unit walk-through completed,OWN-008,Verified,Low,2026-06-15,2026-10-31,2026-07-22,2026-07-22,
CHK-00456,T-509,Clinical Workflow Validation,Code blue drill,OWN-008,Verified,Medium,2026-06-30,2026-10-08,2026-07-03,2026-07-03,
CHK-00457,T-510,Construction Punch List,Replace scratched floor tile,OWN-001,Not Started,High,2026-08-17,2026-09-15,,2026-09-01,
CHK-00458,T-510,Low-Voltage / Network,Label patch panel ports,OWN-005,Verified,Medium,2026-06-08,2026-10-25,2026-07-09,2026-07-09,
CHK-00459,T-510,Biomed Equipment Check,Alarm integration test,OWN-003,Not Started,Low,2026-05-26,2026-09-19,,2026-08-29,
CHK-00460,T-510,Furniture & Fixtures,Deliver visitor chair,OWN-018,Complete,Medium,2026-07-13,2026-10-26,2026-07-18,2026-07-18,
CHK-00461,T-510,Clinical Supplies Stocked,Stock isolation cart,OWN-017,Verified,Medium,2026-05-25,2026-10-09,2026-07-04,2026-07-04,
CHK-00462,T-510,Signage & Wayfinding,Install room number sign,OWN-001,Complete,Medium,2026-08-22,2026-09-24,2026-09-01,2026-09-01,
CHK-00463,T-510,Life Safety Inspection,Sprinkler head clearance,OWN-016,Complete,Medium,2026-08-24,2026-10-03,2026-09-01,2026-09-01,
CHK-00464,T-510,Staff Training / Orientation,Bed controls training,OWN-007,Blocked,Medium,2026-08-03,2026-10-18,,2026-08-19,Dependency on another item
CHK-00465,T-510,Clinical Workflow Validation,Admission workflow tabletop,OWN-008,Not Started,Medium,2026-06-16,2026-10-13,,2026-08-02,
CHK-00466,T-511,Construction Punch List,Seal ceiling penetrations,OWN-002,Verified,Medium,2026-06-03,2026-06-20,2026-06-08,2026-06-08,
CHK-00467,T-511,Low-Voltage / Network,Label patch panel ports,OWN-005,Complete,High,2026-08-14,2026-09-15,2026-09-01,2026-09-01,
CHK-00468,T-511,Biomed Equipment Check,Asset tag and CMMS entry,OWN-003,Not Started,High,2026-08-18,2026-10-28,,2026-08-31,
CHK-00469,T-511,Furniture & Fixtures,Install overbed table,OWN-018,Verified,Medium,2026-06-01,2026-06-24,2026-06-15,2026-06-15,
CHK-00470,T-511,Clinical Supplies Stocked,Stock PPE cabinet,OWN-018,In Progress,High,2026-08-13,2026-10-03,,2026-08-29,
CHK-00471,T-511,Signage & Wayfinding,Install exit signage,OWN-002,Verified,Medium,2026-07-31,2026-09-30,2026-08-22,2026-08-22,
CHK-00472,T-511,Life Safety Inspection,Med gas alarm test,OWN-015,Not Started,Medium,2026-06-28,2026-09-26,,2026-08-10,
CHK-00473,T-511,Staff Training / Orientation,Nurse call training,OWN-007,Not Started,High,2026-08-08,2026-10-17,,2026-08-30,
CHK-00474,T-511,Clinical Workflow Validation,Code blue drill,OWN-007,Verified,Low,2026-08-08,2026-10-23,2026-09-01,2026-09-01,
CHK-00475,T-512,Construction Punch List,Patch and paint wall behind headwall,OWN-002,Not Started,Medium,2026-06-02,2026-10-24,,2026-09-01,
CHK-00476,T-512,Low-Voltage / Network,Label patch panel ports,OWN-005,Complete,Medium,2026-07-13,2026-07-29,2026-08-03,2026-08-03,
CHK-00477,T-512,Biomed Equipment Check,Electrical safety test,OWN-003,Complete,Medium,2026-08-09,2026-09-29,2026-08-29,2026-08-29,
CHK-00478,T-512,Furniture & Fixtures,Install overbed table,OWN-018,Complete,Medium,2026-08-11,2026-10-13,2026-08-21,2026-08-21,
CHK-00479,T-512,Clinical Supplies Stocked,Par-level check,OWN-018,Verified,Medium,2026-07-23,2026-09-27,2026-08-02,2026-08-02,
CHK-00480,T-512,Signage & Wayfinding,Install exit signage,OWN-001,Blocked,Medium,2026-08-24,2026-10-25,,2026-08-24,Parts back-ordered
CHK-00481,T-512,Life Safety Inspection,Sprinkler head clearance,OWN-016,Complete,Medium,2026-08-18,2026-10-13,2026-08-22,2026-08-22,
CHK-00482,T-512,Terminal Clean,Terminal clean and UV cycle,OWN-010,Blocked,High,2026-08-04,2026-11-01,,2026-08-29,Contractor rework required
CHK-00483,T-512,Staff Training / Orientation,Nurse call training,OWN-007,In Progress,Medium,2026-06-25,2026-10-30,,2026-08-15,
CHK-00484,T-512,Clinical Workflow Validation,Code blue drill,OWN-008,Complete,Medium,2026-07-11,2026-10-10,2026-07-12,2026-07-12,
CHK-00485,T-513,Construction Punch List,Replace scratched floor tile,OWN-002,Not Started,High,2026-06-19,2026-07-31,,2026-08-13,
CHK-00486,T-513,Low-Voltage / Network,Activate data drops,OWN-005,Blocked,High,2026-07-06,2026-10-14,,2026-08-28,Access restricted by construction
CHK-00487,T-513,Biomed Equipment Check,Alarm integration test,OWN-003,Not Started,High,2026-06-23,2026-10-19,,2026-08-28,
CHK-00488,T-513,Furniture & Fixtures,Mount whiteboard,OWN-017,In Progress,High,2026-07-26,2026-09-07,,2026-08-02,
CHK-00489,T-513,Clinical Supplies Stocked,Stock linen shelf,OWN-018,Complete,Medium,2026-06-20,2026-10-09,2026-06-23,2026-06-23,
CHK-00490,T-513,Signage & Wayfinding,Install exit signage,OWN-002,Blocked,Low,2026-08-01,2026-11-08,,2026-08-22,Dependency on another item
CHK-00491,T-513,Life Safety Inspection,Sprinkler head clearance,OWN-015,Complete,Low,2026-06-07,2026-10-22,2026-07-04,2026-07-04,
CHK-00492,T-513,Terminal Clean,Terminal clean and UV cycle,OWN-010,Verified,Medium,2026-05-24,2026-10-23,2026-06-25,2026-06-25,
CHK-00493,T-513,Staff Training / Orientation,Unit walk-through completed,OWN-008,In Progress,Medium,2026-07-27,2026-10-10,,2026-07-31,
CHK-00494,T-513,Clinical Workflow Validation,Code blue drill,OWN-008,In Progress,Low,2026-07-27,2026-10-30,,2026-08-31,
CHK-00495,T-514,Construction Punch List,Seal ceiling penetrations,OWN-001,Verified,High,2026-08-09,2026-09-15,2026-09-01,2026-09-01,
CHK-00496,T-514,Low-Voltage / Network,Test Wi-Fi coverage,OWN-006,Complete,Low,2026-08-20,2026-10-29,2026-08-27,2026-08-27,
CHK-00497,T-514,Biomed Equipment Check,Asset tag and CMMS entry,OWN-003,Not Started,Medium,2026-06-03,2026-10-21,,2026-08-27,
CHK-00498,T-514,Furniture & Fixtures,Deliver visitor chair,OWN-018,Complete,Medium,2026-08-11,2026-09-12,2026-09-01,2026-09-01,
CHK-00499,T-514,Clinical Supplies Stocked,Stock isolation cart,OWN-017,Not Started,Medium,2026-08-16,2026-10-27,,2026-08-31,
CHK-00500,T-514,Signage & Wayfinding,Install exit signage,OWN-002,Not Started,Medium,2026-08-15,2026-11-01,,2026-08-15,
CHK-00501,T-514,Life Safety Inspection,Emergency power receptacle test,OWN-014,Verified,Medium,2026-07-04,2026-10-02,2026-08-07,2026-08-07,
CHK-00502,T-514,Staff Training / Orientation,Bed controls training,OWN-007,Not Started,Medium,2026-08-01,2026-11-01,,2026-08-22,
CHK-00503,T-514,Clinical Workflow Validation,Admission workflow tabletop,OWN-007,Verified,Medium,2026-08-19,2026-10-13,2026-08-27,2026-08-27,
CHK-00504,T-515,Construction Punch List,Patch and paint wall behind headwall,OWN-002,Blocked,High,2026-08-24,2026-09-09,,2026-08-24,Contractor rework required
CHK-00505,T-515,Low-Voltage / Network,Test Wi-Fi coverage,OWN-005,Verified,High,2026-07-22,2026-11-03,2026-07-30,2026-07-30,
CHK-00506,T-515,Biomed Equipment Check,Asset tag and CMMS entry,OWN-004,Complete,High,2026-08-18,2026-10-31,2026-09-01,2026-09-01,
CHK-00507,T-515,Furniture & Fixtures,Install overbed table,OWN-017,Complete,Low,2026-05-28,2026-10-08,2026-07-04,2026-07-04,
CHK-00508,T-515,Clinical Supplies Stocked,Stock isolation cart,OWN-017,Blocked,Low,2026-06-23,2026-10-27,,2026-08-17,Waiting on vendor
CHK-00509,T-515,Signage & Wayfinding,Install room number sign,OWN-002,Not Started,Medium,2026-06-26,2026-10-10,,2026-08-28,
CHK-00510,T-515,Life Safety Inspection,Sprinkler head clearance,OWN-016,Verified,High,2026-07-15,2026-10-16,2026-08-12,2026-08-12,
CHK-00511,T-515,Staff Training / Orientation,Nurse call training,OWN-008,Not Started,Medium,2026-08-14,2026-10-11,,2026-08-31,
CHK-00512,T-515,Clinical Workflow Validation,Code blue drill,OWN-008,In Progress,Medium,2026-08-24,2026-11-04,,2026-09-01,
CHK-00513,T-516,Construction Punch List,Seal ceiling penetrations,OWN-002,Blocked,High,2026-06-03,2026-10-12,,2026-08-29,Waiting on vendor
CHK-00514,T-516,Low-Voltage / Network,Verify RTLS badge reader,OWN-005,Not Started,Medium,2026-06-30,2026-10-17,,2026-08-27,
CHK-00515,T-516,Biomed Equipment Check,Preventive maintenance tag,OWN-004,Complete,Medium,2026-06-04,2026-11-04,2026-06-12,2026-06-12,
CHK-00516,T-516,Furniture & Fixtures,Install privacy curtain,OWN-017,In Progress,Medium,2026-08-16,2026-10-30,,2026-08-31,
CHK-00517,T-516,Clinical Supplies Stocked,Par-level check,OWN-018,Not Started,Medium,2026-08-14,2026-10-26,,2026-08-14,
CHK-00518,T-516,Signage & Wayfinding,Braille compliance check,OWN-002,Blocked,Medium,2026-06-15,2026-10-23,,2026-08-01,Dependency on another item
CHK-00519,T-516,Life Safety Inspection,Med gas alarm test,OWN-014,In Progress,High,2026-07-09,2026-10-09,,2026-08-31,
CHK-00520,T-516,Terminal Clean,Terminal clean and UV cycle,OWN-009,Verified,Medium,2026-08-12,2026-11-08,2026-08-19,2026-08-19,
CHK-00521,T-516,Staff Training / Orientation,Bed controls training,OWN-008,Verified,High,2026-08-07,2026-10-16,2026-09-01,2026-09-01,
CHK-00522,T-516,Clinical Workflow Validation,Code blue drill,OWN-008,In Progress,High,2026-08-17,2026-11-05,,2026-08-17,
CHK-00523,T-517,Construction Punch List,Patch and paint wall behind headwall,OWN-001,In Progress,Low,2026-06-28,2026-09-22,,2026-08-28,
CHK-00524,T-517,Low-Voltage / Network,Verify RTLS badge reader,OWN-005,Not Started,High,2026-08-14,2026-09-17,,2026-08-14,
CHK-00525,T-517,Biomed Equipment Check,Asset tag and CMMS entry,OWN-004,In Progress,Medium,2026-07-22,2026-10-16,,2026-08-31,
CHK-00526,T-517,Furniture & Fixtures,Mount whiteboard,OWN-017,Verified,Medium,2026-06-04,2026-07-18,2026-07-05,2026-07-05,
CHK-00527,T-517,Clinical Supplies Stocked,Stock linen shelf,OWN-017,Complete,High,2026-07-12,2026-10-04,2026-07-31,2026-07-31,
CHK-00528,T-517,Signage & Wayfinding,Install room number sign,OWN-002,Verified,Medium,2026-07-14,2026-10-04,2026-08-21,2026-08-21,
CHK-00529,T-517,Life Safety Inspection,Fire extinguisher inspection,OWN-016,Complete,High,2026-07-15,2026-09-30,2026-08-07,2026-08-07,
CHK-00530,T-517,Staff Training / Orientation,Unit walk-through completed,OWN-008,Verified,High,2026-08-19,2026-10-22,2026-09-01,2026-09-01,
CHK-00531,T-517,Clinical Workflow Validation,Med admin end-to-end test,OWN-008,Complete,High,2026-08-25,2026-09-27,2026-09-01,2026-09-01,
CHK-00532,T-518,Construction Punch List,Seal ceiling penetrations,OWN-001,In Progress,Low,2026-06-15,2026-07-19,,2026-08-29,
CHK-00533,T-518,Low-Voltage / Network,Label patch panel ports,OWN-005,Verified,Medium,2026-06-04,2026-07-19,2026-07-07,2026-07-07,
CHK-00534,T-518,Biomed Equipment Check,Electrical safety test,OWN-003,Complete,High,2026-07-05,2026-10-21,2026-08-06,2026-08-06,
CHK-00535,T-518,Furniture & Fixtures,Install overbed table,OWN-017,Verified,Medium,2026-06-17,2026-07-15,2026-07-27,2026-07-27,
CHK-00536,T-518,Clinical Supplies Stocked,Par-level check,OWN-017,Verified,Medium,2026-06-18,2026-09-30,2026-07-19,2026-07-19,
CHK-00537,T-518,Signage & Wayfinding,Install exit signage,OWN-002,Verified,High,2026-07-22,2026-10-01,2026-08-11,2026-08-11,
CHK-00538,T-518,Life Safety Inspection,Sprinkler head clearance,OWN-014,Complete,Medium,2026-06-11,2026-10-01,2026-07-11,2026-07-11,
CHK-00539,T-518,Terminal Clean,ATP swab verification,OWN-010,Verified,Low,2026-06-27,2026-10-20,2026-07-27,2026-07-27,
CHK-00540,T-518,Staff Training / Orientation,Unit walk-through completed,OWN-007,Blocked,High,2026-08-22,2026-09-30,,2026-08-29,Dependency on another item
CHK-00541,T-518,Clinical Workflow Validation,Med admin end-to-end test,OWN-007,Blocked,Low,2026-07-05,2026-10-07,,2026-09-01,Contractor rework required
CHK-00542,T-519,Construction Punch List,Adjust door closer,OWN-001,Not Started,High,2026-06-08,2026-07-07,,2026-09-01,
CHK-00543,T-519,Low-Voltage / Network,Test Wi-Fi coverage,OWN-005,Not Started,High,2026-07-21,2026-08-31,,2026-09-01,
CHK-00544,T-519,Biomed Equipment Check,Electrical safety test,OWN-004,Verified,Medium,2026-07-25,2026-09-21,2026-08-06,2026-08-06,
CHK-00545,T-519,Furniture & Fixtures,Deliver visitor chair,OWN-018,Verified,Medium,2026-08-19,2026-09-21,2026-08-24,2026-08-24,
CHK-00546,T-519,Clinical Supplies Stocked,Stock PPE cabinet,OWN-018,Not Started,Medium,2026-07-10,2026-10-18,,2026-08-28,
CHK-00547,T-519,Signage & Wayfinding,Install exit signage,OWN-002,Verified,Low,2026-06-14,2026-10-19,2026-07-05,2026-07-05,
CHK-00548,T-519,Life Safety Inspection,Sprinkler head clearance,OWN-015,Blocked,Medium,2026-07-06,2026-10-13,,2026-08-31,Contractor rework required
CHK-00549,T-519,Terminal Clean,ATP swab verification,OWN-010,Verified,Medium,2026-06-22,2026-10-03,2026-06-30,2026-06-30,
CHK-00550,T-519,Staff Training / Orientation,Nurse call training,OWN-008,Verified,Low,2026-07-25,2026-10-17,2026-08-18,2026-08-18,
CHK-00551,T-519,Clinical Workflow Validation,Med admin end-to-end test,OWN-007,Verified,High,2026-06-13,2026-10-24,2026-06-17,2026-06-17,
CHK-00552,T-520,Construction Punch List,Adjust door closer,OWN-002,Complete,Medium,2026-06-09,2026-10-17,2026-06-17,2026-06-17,
CHK-00553,T-520,Low-Voltage / Network,Label patch panel ports,OWN-005,Not Started,Low,2026-07-10,2026-10-24,,2026-08-31,
CHK-00554,T-520,Biomed Equipment Check,Electrical safety test,OWN-004,Verified,Low,2026-07-04,2026-10-20,2026-07-31,2026-07-31,
CHK-00555,T-520,Furniture & Fixtures,Deliver visitor chair,OWN-017,Not Started,Low,2026-06-28,2026-08-07,,2026-08-16,
CHK-00556,T-520,Clinical Supplies Stocked,Stock linen shelf,OWN-018,In Progress,Medium,2026-06-26,2026-11-05,,2026-08-28,
CHK-00557,T-520,Signage & Wayfinding,Braille compliance check,OWN-001,Blocked,High,2026-06-08,2026-10-29,,2026-08-01,Parts back-ordered
CHK-00558,T-520,Life Safety Inspection,Sprinkler head clearance,OWN-016,In Progress,Medium,2026-07-20,2026-10-04,,2026-08-31,
CHK-00559,T-520,Terminal Clean,ATP swab verification,OWN-010,In Progress,Medium,2026-08-13,2026-10-02,,2026-08-13,
CHK-00560,T-520,Staff Training / Orientation,Nurse call training,OWN-008,Blocked,High,2026-07-27,2026-10-29,,2026-07-31,Access restricted by construction
CHK-00561,T-520,Clinical Workflow Validation,Admission workflow tabletop,OWN-007,Complete,Low,2026-07-10,2026-10-16,2026-08-16,2026-08-16,
CHK-00562,T-601,Construction Punch List,Adjust door closer,OWN-002,Not Started,Medium,2026-06-08,2026-10-12,,2026-08-12,
CHK-00563,T-601,Low-Voltage / Network,Test Wi-Fi coverage,OWN-005,Verified,Low,2026-07-09,2026-09-18,2026-07-26,2026-07-26,
CHK-00564,T-601,Biomed Equipment Check,Alarm integration test,OWN-004,Verified,Low,2026-06-18,2026-10-19,2026-06-19,2026-06-19,
CHK-00565,T-601,Furniture & Fixtures,Install privacy curtain,OWN-018,Complete,Medium,2026-08-01,2026-10-14,2026-08-19,2026-08-19,
CHK-00566,T-601,Clinical Supplies Stocked,Stock linen shelf,OWN-017,Complete,Medium,2026-08-03,2026-09-18,2026-08-17,2026-08-17,
CHK-00567,T-601,Signage & Wayfinding,Install exit signage,OWN-001,Verified,Medium,2026-08-11,2026-10-25,2026-08-30,2026-08-30,
CHK-00568,T-601,Life Safety Inspection,Fire extinguisher inspection,OWN-014,Not Started,Medium,2026-07-13,2026-09-19,,2026-08-12,
CHK-00569,T-601,Terminal Clean,ATP swab verification,OWN-010,Not Started,High,2026-07-10,2026-10-13,,2026-08-04,
CHK-00570,T-601,Staff Training / Orientation,Nurse call training,OWN-008,Complete,Low,2026-08-23,2026-10-05,2026-09-01,2026-09-01,
CHK-00571,T-601,Clinical Workflow Validation,Med admin end-to-end test,OWN-008,Not Started,Medium,2026-06-14,2026-10-24,,2026-08-28,
CHK-00572,T-602,Construction Punch List,Adjust door closer,OWN-002,Verified,High,2026-07-13,2026-07-29,2026-08-20,2026-08-20,
CHK-00573,T-602,Low-Voltage / Network,Label patch panel ports,OWN-006,Complete,High,2026-07-17,2026-10-25,2026-07-23,2026-07-23,
CHK-00574,T-602,Biomed Equipment Check,Asset tag and CMMS entry,OWN-004,Verified,Low,2026-08-24,2026-10-25,2026-09-01,2026-09-01,
CHK-00575,T-602,Furniture & Fixtures,Install privacy curtain,OWN-018,Verified,Low,2026-07-27,2026-10-17,2026-08-30,2026-08-30,
CHK-00576,T-602,Clinical Supplies Stocked,Par-level check,OWN-017,Verified,High,2026-06-28,2026-10-24,2026-08-03,2026-08-03,
CHK-00577,T-602,Signage & Wayfinding,Install exit signage,OWN-001,Verified,Medium,2026-08-06,2026-10-31,2026-09-01,2026-09-01,
CHK-00578,T-602,Life Safety Inspection,Emergency power receptacle test,OWN-016,Complete,Medium,2026-06-27,2026-10-31,2026-07-26,2026-07-26,
CHK-00579,T-602,Terminal Clean,ATP swab verification,OWN-009,Verified,High,2026-05-29,2026-10-24,2026-06-06,2026-06-06,
CHK-00580,T-602,Staff Training / Orientation,Bed controls training,OWN-007,Verified,Medium,2026-08-08,2026-10-01,2026-08-26,2026-08-26,
CHK-00581,T-602,Clinical Workflow Validation,Admission workflow tabletop,OWN-008,Not Started,Medium,2026-06-23,2026-09-27,,2026-09-01,
CHK-00582,T-603,Construction Punch List,Patch and paint wall behind headwall,OWN-002,Not Started,High,2026-08-26,2026-09-16,,2026-08-28,
CHK-00583,T-603,Low-Voltage / Network,Activate data drops,OWN-006,Verified,Low,2026-05-31,2026-09-27,2026-06-18,2026-06-18,
CHK-00584,T-603,Biomed Equipment Check,Preventive maintenance tag,OWN-003,Complete,Low,2026-07-03,2026-10-06,2026-08-09,2026-08-09,
CHK-00585,T-603,Furniture & Fixtures,Deliver visitor chair,OWN-017,In Progress,Medium,2026-07-24,2026-08-10,,2026-08-09,
CHK-00586,T-603,Clinical Supplies Stocked,Stock isolation cart,OWN-017,Verified,Medium,2026-07-09,2026-10-21,2026-07-11,2026-07-11,
CHK-00587,T-603,Signage & Wayfinding,Install exit signage,OWN-002,Verified,Low,2026-06-08,2026-10-17,2026-06-16,2026-06-16,
CHK-00588,T-603,Life Safety Inspection,Fire extinguisher inspection,OWN-015,In Progress,Medium,2026-07-21,2026-09-18,,2026-08-27,
CHK-00589,T-603,Terminal Clean,Terminal clean and UV cycle,OWN-010,Not Started,Low,2026-06-30,2026-10-09,,2026-08-29,
CHK-00590,T-603,Staff Training / Orientation,Unit walk-through completed,OWN-008,Complete,Low,2026-07-05,2026-09-29,2026-07-11,2026-07-11,
CHK-00591,T-603,Clinical Workflow Validation,Med admin end-to-end test,OWN-007,Complete,High,2026-06-08,2026-10-17,2026-07-10,2026-07-10,
CHK-00592,T-604,Construction Punch List,Adjust door closer,OWN-002,Complete,High,2026-06-29,2026-07-21,2026-07-19,2026-07-19,
CHK-00593,T-604,Low-Voltage / Network,Verify RTLS badge reader,OWN-006,Verified,High,2026-08-20,2026-10-08,2026-08-27,2026-08-27,
CHK-00594,T-604,Biomed Equipment Check,Asset tag and CMMS entry,OWN-003,Complete,Medium,2026-06-18,2026-10-24,2026-07-11,2026-07-11,
CHK-00595,T-604,Furniture & Fixtures,Deliver visitor chair,OWN-017,Verified,High,2026-05-27,2026-10-29,2026-06-08,2026-06-08,
CHK-00596,T-604,Clinical Supplies Stocked,Par-level check,OWN-018,Not Started,Medium,2026-07-22,2026-10-20,,2026-08-29,
CHK-00597,T-604,Signage & Wayfinding,Braille compliance check,OWN-002,Not Started,Low,2026-08-06,2026-10-27,,2026-08-27,
CHK-00598,T-604,Life Safety Inspection,Med gas alarm test,OWN-014,Verified,High,2026-06-22,2026-11-08,2026-06-23,2026-06-23,
CHK-00599,T-604,Terminal Clean,ATP swab verification,OWN-010,Complete,Medium,2026-07-09,2026-10-02,2026-08-10,2026-08-10,
CHK-00600,T-604,Staff Training / Orientation,Unit walk-through completed,OWN-007,Not Started,High,2026-06-04,2026-10-15,,2026-08-24,
CHK-00601,T-604,Clinical Workflow Validation,Admission workflow tabletop,OWN-008,Verified,Medium,2026-08-27,2026-10-28,2026-08-29,2026-08-29,
CHK-00602,T-605,Construction Punch List,Patch and paint wall behind headwall,OWN-002,Complete,Medium,2026-07-05,2026-10-06,2026-07-18,2026-07-18,
CHK-00603,T-605,Low-Voltage / Network,Verify RTLS badge reader,OWN-006,Verified,Medium,2026-07-06,2026-07-30,2026-07-16,2026-07-16,
CHK-00604,T-605,Biomed Equipment Check,Alarm integration test,OWN-003,Not Started,Medium,2026-06-16,2026-10-25,,2026-08-28,
CHK-00605,T-605,Furniture & Fixtures,Install privacy curtain,OWN-017,Verified,Medium,2026-05-30,2026-07-09,2026-07-01,2026-07-01,
CHK-00606,T-605,Clinical Supplies Stocked,Stock PPE cabinet,OWN-017,Complete,Medium,2026-06-15,2026-10-09,2026-06-30,2026-06-30,
CHK-00607,T-605,Signage & Wayfinding,Install exit signage,OWN-001,Verified,Medium,2026-08-21,2026-10-23,2026-09-01,2026-09-01,
CHK-00608,T-605,Life Safety Inspection,Sprinkler head clearance,OWN-015,Not Started,Medium,2026-07-16,2026-10-12,,2026-08-26,
CHK-00609,T-605,Terminal Clean,ATP swab verification,OWN-010,Complete,High,2026-06-26,2026-10-26,2026-08-03,2026-08-03,
CHK-00610,T-605,Staff Training / Orientation,Bed controls training,OWN-008,Verified,Medium,2026-05-30,2026-10-16,2026-06-26,2026-06-26,
CHK-00611,T-605,Clinical Workflow Validation,Admission workflow tabletop,OWN-008,In Progress,High,2026-08-09,2026-10-27,,2026-08-27,
CHK-00612,T-606,Construction Punch List,Seal ceiling penetrations,OWN-001,Verified,High,2026-06-13,2026-07-23,2026-07-15,2026-07-15,
CHK-00613,T-606,Low-Voltage / Network,Test Wi-Fi coverage,OWN-005,Verified,Low,2026-08-27,2026-09-26,2026-09-01,2026-09-01,
CHK-00614,T-606,Biomed Equipment Check,Preventive maintenance tag,OWN-003,Not Started,Medium,2026-08-25,2026-11-05,,2026-09-01,
CHK-00615,T-606,Furniture & Fixtures,Install privacy curtain,OWN-017,Complete,Low,2026-07-17,2026-11-07,2026-08-22,2026-08-22,
CHK-00616,T-606,Clinical Supplies Stocked,Par-level check,OWN-018,Not Started,Low,2026-06-13,2026-11-03,,2026-07-28,
CHK-00617,T-606,Signage & Wayfinding,Braille compliance check,OWN-001,In Progress,High,2026-08-16,2026-11-03,,2026-08-25,
CHK-00618,T-606,Life Safety Inspection,Emergency power receptacle test,OWN-016,Verified,Medium,2026-08-03,2026-10-17,2026-08-14,2026-08-14,
CHK-00619,T-606,Terminal Clean,Terminal clean and UV cycle,OWN-009,In Progress,Low,2026-08-17,2026-10-31,,2026-08-17,
CHK-00620,T-606,Staff Training / Orientation,Nurse call training,OWN-008,Complete,High,2026-07-07,2026-11-09,2026-07-23,2026-07-23,
CHK-00621,T-606,Clinical Workflow Validation,Code blue drill,OWN-007,Verified,High,2026-07-26,2026-10-17,2026-08-22,2026-08-22,
CHK-00622,T-607,Construction Punch List,Replace scratched floor tile,OWN-002,In Progress,Low,2026-07-07,2026-11-01,,2026-08-13,
CHK-00623,T-607,Low-Voltage / Network,Test Wi-Fi coverage,OWN-005,Complete,Medium,2026-06-03,2026-06-18,2026-07-02,2026-07-02,
CHK-00624,T-607,Biomed Equipment Check,Asset tag and CMMS entry,OWN-004,Complete,Low,2026-08-21,2026-11-04,2026-09-01,2026-09-01,
CHK-00625,T-607,Furniture & Fixtures,Install overbed table,OWN-018,Verified,Medium,2026-08-22,2026-09-07,2026-09-01,2026-09-01,
CHK-00626,T-607,Clinical Supplies Stocked,Stock linen shelf,OWN-018,Not Started,High,2026-06-01,2026-10-05,,2026-08-03,
CHK-00627,T-607,Signage & Wayfinding,Install exit signage,OWN-001,Verified,Low,2026-06-23,2026-10-31,2026-07-19,2026-07-19,
CHK-00628,T-607,Life Safety Inspection,Med gas alarm test,OWN-014,Complete,Low,2026-06-11,2026-10-12,2026-07-04,2026-07-04,
CHK-00629,T-607,Staff Training / Orientation,Bed controls training,OWN-008,Complete,High,2026-07-11,2026-11-01,2026-08-14,2026-08-14,
CHK-00630,T-607,Clinical Workflow Validation,Med admin end-to-end test,OWN-007,Complete,High,2026-07-21,2026-10-07,2026-08-12,2026-08-12,
CHK-00631,T-608,Construction Punch List,Replace scratched floor tile,OWN-001,Not Started,Medium,2026-06-21,2026-10-25,,2026-08-17,
CHK-00632,T-608,Low-Voltage / Network,Activate data drops,OWN-006,Blocked,High,2026-07-27,2026-10-18,,2026-08-27,Dependency on another item
CHK-00633,T-608,Biomed Equipment Check,Preventive maintenance tag,OWN-004,Verified,High,2026-07-17,2026-10-25,2026-08-24,2026-08-24,
CHK-00634,T-608,Furniture & Fixtures,Mount whiteboard,OWN-017,Complete,Medium,2026-05-30,2026-11-01,2026-06-24,2026-06-24,
CHK-00635,T-608,Clinical Supplies Stocked,Stock isolation cart,OWN-018,Complete,Low,2026-07-14,2026-10-11,2026-07-21,2026-07-21,
CHK-00636,T-608,Signage & Wayfinding,Install exit signage,OWN-001,Verified,Medium,2026-08-22,2026-10-13,2026-08-31,2026-08-31,
CHK-00637,T-608,Life Safety Inspection,Med gas alarm test,OWN-015,Verified,Medium,2026-06-23,2026-10-15,2026-07-31,2026-07-31,
CHK-00638,T-608,Terminal Clean,Terminal clean and UV cycle,OWN-009,Not Started,Medium,2026-06-02,2026-10-09,,2026-08-13,
CHK-00639,T-608,Staff Training / Orientation,Bed controls training,OWN-007,Complete,Medium,2026-07-02,2026-11-01,2026-08-04,2026-08-04,
CHK-00640,T-608,Clinical Workflow Validation,Code blue drill,OWN-007,Complete,Medium,2026-08-25,2026-10-30,2026-09-01,2026-09-01,
CHK-00641,T-609,Construction Punch List,Adjust door closer,OWN-001,Verified,Medium,2026-08-14,2026-09-15,2026-08-17,2026-08-17,
CHK-00642,T-609,Low-Voltage / Network,Verify RTLS badge reader,OWN-005,Not Started,Low,2026-07-22,2026-08-06,,2026-08-22,
CHK-00643,T-609,Biomed Equipment Check,Alarm integration test,OWN-003,Verified,High,2026-07-24,2026-10-27,2026-08-05,2026-08-05,
CHK-00644,T-609,Furniture & Fixtures,Deliver visitor chair,OWN-018,Verified,Medium,2026-08-24,2026-09-26,2026-09-01,2026-09-01,
CHK-00645,T-609,Clinical Supplies Stocked,Stock isolation cart,OWN-018,Complete,Medium,2026-05-29,2026-10-02,2026-06-07,2026-06-07,
CHK-00646,T-609,Signage & Wayfinding,Braille compliance check,OWN-002,Complete,Medium,2026-08-10,2026-10-20,2026-08-16,2026-08-16,
CHK-00647,T-609,Life Safety Inspection,Med gas alarm test,OWN-016,Not Started,High,2026-07-17,2026-10-06,,2026-08-27,
CHK-00648,T-609,Staff Training / Orientation,Bed controls training,OWN-007,Verified,Medium,2026-08-26,2026-10-04,2026-09-01,2026-09-01,
CHK-00649,T-609,Clinical Workflow Validation,Admission workflow tabletop,OWN-007,Verified,Medium,2026-06-11,2026-10-06,2026-07-18,2026-07-18,
CHK-00650,T-610,Construction Punch List,Seal ceiling penetrations,OWN-001,Complete,High,2026-08-27,2026-09-21,2026-08-29,2026-08-29,
CHK-00651,T-610,Low-Voltage / Network,Verify RTLS badge reader,OWN-005,In Progress,Medium,2026-06-16,2026-07-20,,2026-09-01,
CHK-00652,T-610,Biomed Equipment Check,Alarm integration test,OWN-004,Verified,High,2026-08-26,2026-10-07,2026-09-01,2026-09-01,
CHK-00653,T-610,Furniture & Fixtures,Mount whiteboard,OWN-018,Not Started,Low,2026-06-21,2026-07-14,,2026-09-01,
CHK-00654,T-610,Clinical Supplies Stocked,Stock PPE cabinet,OWN-017,Complete,High,2026-08-22,2026-10-20,2026-09-01,2026-09-01,
CHK-00655,T-610,Signage & Wayfinding,Install exit signage,OWN-002,Verified,Low,2026-08-11,2026-10-14,2026-09-01,2026-09-01,
CHK-00656,T-610,Life Safety Inspection,Sprinkler head clearance,OWN-015,Not Started,Medium,2026-08-23,2026-10-28,,2026-08-28,
CHK-00657,T-610,Terminal Clean,ATP swab verification,OWN-009,Not Started,Medium,2026-07-26,2026-11-06,,2026-08-28,
CHK-00658,T-610,Staff Training / Orientation,Bed controls training,OWN-007,Verified,High,2026-07-31,2026-11-08,2026-08-18,2026-08-18,
CHK-00659,T-610,Clinical Workflow Validation,Code blue drill,OWN-008,Complete,High,2026-08-13,2026-10-21,2026-09-01,2026-09-01,
CHK-00660,T-611,Construction Punch List,Adjust door closer,OWN-001,Complete,Medium,2026-08-03,2026-10-24,2026-08-27,2026-08-27,
CHK-00661,T-611,Low-Voltage / Network,Label patch panel ports,OWN-005,Complete,High,2026-06-19,2026-07-03,2026-07-19,2026-07-19,
CHK-00662,T-611,Biomed Equipment Check,Alarm integration test,OWN-004,Not Started,Low,2026-06-29,2026-10-16,,2026-08-27,
CHK-00663,T-611,Furniture & Fixtures,Install overbed table,OWN-018,Verified,High,2026-06-25,2026-07-19,2026-07-30,2026-07-30,
CHK-00664,T-611,Clinical Supplies Stocked,Par-level check,OWN-017,Complete,Medium,2026-08-12,2026-09-28,2026-08-30,2026-08-30,
CHK-00665,T-611,Signage & Wayfinding,Braille compliance check,OWN-002,Not Started,High,2026-07-20,2026-10-12,,2026-08-02,
CHK-00666,T-611,Life Safety Inspection,Med gas alarm test,OWN-016,Complete,Medium,2026-07-19,2026-10-12,2026-08-02,2026-08-02,
CHK-00667,T-611,Terminal Clean,Terminal clean and UV cycle,OWN-009,Verified,Medium,2026-08-29,2026-09-25,2026-09-01,2026-09-01,
CHK-00668,T-611,Staff Training / Orientation,Bed controls training,OWN-007,Verified,Medium,2026-06-01,2026-10-02,2026-06-27,2026-06-27,
CHK-00669,T-611,Clinical Workflow Validation,Med admin end-to-end test,OWN-008,Complete,Medium,2026-08-20,2026-09-29,2026-08-22,2026-08-22,
CHK-00670,T-612,Construction Punch List,Adjust door closer,OWN-001,Verified,High,2026-07-12,2026-10-18,2026-08-06,2026-08-06,
CHK-00671,T-612,Low-Voltage / Network,Label patch panel ports,OWN-006,Verified,High,2026-08-05,2026-09-02,2026-08-07,2026-08-07,
CHK-00672,T-612,Biomed Equipment Check,Preventive maintenance tag,OWN-004,Blocked,Low,2026-06-10,2026-10-21,,2026-08-19,Waiting on vendor
CHK-00673,T-612,Furniture & Fixtures,Mount whiteboard,OWN-018,Verified,High,2026-05-31,2026-10-27,2026-06-01,2026-06-01,
CHK-00674,T-612,Clinical Supplies Stocked,Stock isolation cart,OWN-017,Verified,High,2026-06-26,2026-10-09,2026-07-07,2026-07-07,
CHK-00675,T-612,Signage & Wayfinding,Braille compliance check,OWN-001,Verified,Low,2026-08-21,2026-11-01,2026-09-01,2026-09-01,
CHK-00676,T-612,Life Safety Inspection,Emergency power receptacle test,OWN-016,In Progress,Medium,2026-07-25,2026-10-28,,2026-08-26,
CHK-00677,T-612,Terminal Clean,ATP swab verification,OWN-010,Not Started,High,2026-06-08,2026-11-06,,2026-08-16,
CHK-00678,T-612,Staff Training / Orientation,Bed controls training,OWN-007,Complete,Low,2026-07-01,2026-10-09,2026-07-25,2026-07-25,
CHK-00679,T-612,Clinical Workflow Validation,Code blue drill,OWN-008,Verified,High,2026-07-25,2026-10-14,2026-08-29,2026-08-29,
CHK-00680,T-613,Construction Punch List,Replace scratched floor tile,OWN-001,Verified,Low,2026-08-19,2026-10-25,2026-09-01,2026-09-01,
CHK-00681,T-613,Low-Voltage / Network,Verify RTLS badge reader,OWN-006,Verified,Low,2026-07-18,2026-08-07,2026-07-20,2026-07-20,
CHK-00682,T-613,Biomed Equipment Check,Preventive maintenance tag,OWN-003,Complete,Medium,2026-06-10,2026-10-05,2026-06-27,2026-06-27,
CHK-00683,T-613,Furniture & Fixtures,Deliver visitor chair,OWN-017,Not Started,Medium,2026-08-23,2026-09-23,,2026-08-24,
CHK-00684,T-613,Clinical Supplies Stocked,Par-level check,OWN-018,Complete,Low,2026-08-19,2026-10-23,2026-08-22,2026-08-22,
CHK-00685,T-613,Signage & Wayfinding,Install room number sign,OWN-002,Complete,Medium,2026-08-13,2026-10-23,2026-09-01,2026-09-01,
CHK-00686,T-613,Life Safety Inspection,Fire extinguisher inspection,OWN-015,Complete,Low,2026-08-16,2026-10-23,2026-09-01,2026-09-01,
CHK-00687,T-613,Terminal Clean,Terminal clean and UV cycle,OWN-010,Complete,Medium,2026-07-08,2026-10-12,2026-08-16,2026-08-16,
CHK-00688,T-613,Staff Training / Orientation,Unit walk-through completed,OWN-008,In Progress,Medium,2026-06-11,2026-10-20,,2026-08-27,
CHK-00689,T-613,Clinical Workflow Validation,Med admin end-to-end test,OWN-007,Complete,Medium,2026-08-16,2026-10-20,2026-08-17,2026-08-17,
CHK-00690,T-614,Construction Punch List,Replace scratched floor tile,OWN-001,Blocked,High,2026-06-17,2026-07-17,,2026-08-29,Waiting on vendor
CHK-00691,T-614,Low-Voltage / Network,Label patch panel ports,OWN-005,Verified,High,2026-07-21,2026-09-24,2026-08-13,2026-08-13,
CHK-00692,T-614,Biomed Equipment Check,Electrical safety test,OWN-003,Verified,High,2026-07-17,2026-10-08,2026-08-10,2026-08-10,
CHK-00693,T-614,Furniture & Fixtures,Mount whiteboard,OWN-017,Complete,Medium,2026-06-19,2026-09-29,2026-07-12,2026-07-12,
CHK-00694,T-614,Clinical Supplies Stocked,Par-level check,OWN-018,Verified,Medium,2026-08-21,2026-10-05,2026-09-01,2026-09-01,
CHK-00695,T-614,Signage & Wayfinding,Braille compliance check,OWN-002,Verified,Medium,2026-06-16,2026-09-20,2026-07-08,2026-07-08,
CHK-00696,T-614,Life Safety Inspection,Sprinkler head clearance,OWN-014,Verified,Medium,2026-07-02,2026-10-24,2026-08-03,2026-08-03,
CHK-00697,T-614,Terminal Clean,ATP swab verification,OWN-010,Complete,High,2026-08-02,2026-10-11,2026-09-01,2026-09-01,
CHK-00698,T-614,Staff Training / Orientation,Unit walk-through completed,OWN-008,Verified,High,2026-08-29,2026-10-03,2026-08-30,2026-08-30,
CHK-00699,T-614,Clinical Workflow Validation,Med admin end-to-end test,OWN-008,Verified,High,2026-07-23,2026-09-28,2026-08-05,2026-08-05,
CHK-00700,T-615,Construction Punch List,Adjust door closer,OWN-002,Verified,Low,2026-08-04,2026-09-01,2026-08-21,2026-08-21,
CHK-00701,T-615,Low-Voltage / Network,Activate data drops,OWN-005,Verified,Medium,2026-08-04,2026-09-03,2026-08-11,2026-08-11,
CHK-00702,T-615,Biomed Equipment Check,Alarm integration test,OWN-003,In Progress,Medium,2026-08-15,2026-10-19,,2026-08-17,
CHK-00703,T-615,Furniture & Fixtures,Install overbed table,OWN-017,Verified,Low,2026-08-08,2026-10-13,2026-08-13,2026-08-13,
CHK-00704,T-615,Clinical Supplies Stocked,Par-level check,OWN-018,Verified,Medium,2026-08-05,2026-10-28,2026-09-01,2026-09-01,
CHK-00705,T-615,Signage & Wayfinding,Braille compliance check,OWN-001,Complete,Low,2026-06-09,2026-10-25,2026-06-12,2026-06-12,
CHK-00706,T-615,Life Safety Inspection,Fire extinguisher inspection,OWN-016,Verified,Medium,2026-08-10,2026-10-20,2026-08-26,2026-08-26,
CHK-00707,T-615,Terminal Clean,ATP swab verification,OWN-009,Not Started,High,2026-06-16,2026-10-09,,2026-09-01,
CHK-00708,T-615,Staff Training / Orientation,Nurse call training,OWN-008,Verified,High,2026-06-08,2026-10-08,2026-07-02,2026-07-02,
CHK-00709,T-615,Clinical Workflow Validation,Code blue drill,OWN-008,In Progress,Medium,2026-06-23,2026-10-10,,2026-08-11,
CHK-00710,T-616,Construction Punch List,Adjust door closer,OWN-002,Complete,Low,2026-06-16,2026-10-13,2026-07-01,2026-07-01,
CHK-00711,T-616,Low-Voltage / Network,Test Wi-Fi coverage,OWN-006,Verified,High,2026-07-21,2026-08-28,2026-08-27,2026-08-27,
CHK-00712,T-616,Biomed Equipment Check,Alarm integration test,OWN-004,Verified,High,2026-05-25,2026-10-21,2026-06-13,2026-06-13,
CHK-00713,T-616,Furniture & Fixtures,Deliver visitor chair,OWN-018,Verified,Medium,2026-06-25,2026-09-29,2026-07-24,2026-07-24,
CHK-00714,T-616,Clinical Supplies Stocked,Par-level check,OWN-017,In Progress,High,2026-07-20,2026-10-09,,2026-08-31,
CHK-00715,T-616,Signage & Wayfinding,Braille compliance check,OWN-001,Verified,Medium,2026-08-19,2026-10-08,2026-09-01,2026-09-01,
CHK-00716,T-616,Life Safety Inspection,Sprinkler head clearance,OWN-015,Not Started,High,2026-08-17,2026-10-19,,2026-09-01,
CHK-00717,T-616,Terminal Clean,Terminal clean and UV cycle,OWN-010,Verified,High,2026-06-03,2026-10-09,2026-06-16,2026-06-16,
CHK-00718,T-616,Staff Training / Orientation,Bed controls training,OWN-007,Verified,Medium,2026-07-16,2026-10-01,2026-08-11,2026-08-11,
CHK-00719,T-616,Clinical Workflow Validation,Admission workflow tabletop,OWN-007,Complete,Medium,2026-05-24,2026-10-17,2026-06-19,2026-06-19,
CHK-00720,T-617,Construction Punch List,Replace scratched floor tile,OWN-002,Verified,Medium,2026-07-31,2026-09-21,2026-08-30,2026-08-30,
CHK-00721,T-617,Low-Voltage / Network,Verify RTLS badge reader,OWN-006,Verified,Low,2026-08-05,2026-09-14,2026-08-19,2026-08-19,
CHK-00722,T-617,Biomed Equipment Check,Asset tag and CMMS entry,OWN-003,Verified,Medium,2026-08-12,2026-09-20,2026-08-21,2026-08-21,
CHK-00723,T-617,Furniture & Fixtures,Deliver visitor chair,OWN-018,Complete,Medium,2026-07-15,2026-08-24,2026-08-12,2026-08-12,
CHK-00724,T-617,Clinical Supplies Stocked,Stock linen shelf,OWN-018,Verified,Low,2026-08-25,2026-10-18,2026-09-01,2026-09-01,
CHK-00725,T-617,Signage & Wayfinding,Install exit signage,OWN-001,Verified,Medium,2026-07-10,2026-10-22,2026-08-14,2026-08-14,
CHK-00726,T-617,Life Safety Inspection,Sprinkler head clearance,OWN-014,Verified,Medium,2026-07-03,2026-10-07,2026-07-09,2026-07-09,
CHK-00727,T-617,Staff Training / Orientation,Unit walk-through completed,OWN-008,Blocked,High,2026-06-13,2026-09-25,,2026-08-31,Parts back-ordered
CHK-00728,T-617,Clinical Workflow Validation,Admission workflow tabletop,OWN-008,Verified,Medium,2026-06-23,2026-10-22,2026-07-23,2026-07-23,
CHK-00729,T-618,Construction Punch List,Replace scratched floor tile,OWN-002,Verified,Medium,2026-07-08,2026-07-29,2026-07-17,2026-07-17,
CHK-00730,T-618,Low-Voltage / Network,Verify RTLS badge reader,OWN-006,Verified,High,2026-08-03,2026-08-30,2026-08-23,2026-08-23,
CHK-00731,T-618,Biomed Equipment Check,Alarm integration test,OWN-004,Complete,High,2026-07-21,2026-10-03,2026-08-03,2026-08-03,
CHK-00732,T-618,Furniture & Fixtures,Install privacy curtain,OWN-018,Not Started,Medium,2026-07-03,2026-08-11,,2026-08-19,
CHK-00733,T-618,Clinical Supplies Stocked,Par-level check,OWN-018,Complete,Medium,2026-05-27,2026-11-04,2026-06-15,2026-06-15,
CHK-00734,T-618,Signage & Wayfinding,Install room number sign,OWN-002,In Progress,High,2026-07-22,2026-10-15,,2026-08-01,
CHK-00735,T-618,Life Safety Inspection,Sprinkler head clearance,OWN-016,Not Started,Medium,2026-05-28,2026-10-13,,2026-08-27,
CHK-00736,T-618,Terminal Clean,ATP swab verification,OWN-009,Not Started,Medium,2026-07-30,2026-10-30,,2026-08-27,
CHK-00737,T-618,Staff Training / Orientation,Unit walk-through completed,OWN-008,In Progress,High,2026-08-02,2026-10-09,,2026-08-28,
CHK-00738,T-618,Clinical Workflow Validation,Admission workflow tabletop,OWN-008,Verified,High,2026-07-19,2026-10-14,2026-08-17,2026-08-17,
CHK-00739,T-619,Construction Punch List,Seal ceiling penetrations,OWN-002,Verified,Low,2026-08-26,2026-10-08,2026-09-01,2026-09-01,
CHK-00740,T-619,Low-Voltage / Network,Verify RTLS badge reader,OWN-006,Verified,Medium,2026-08-28,2026-09-19,2026-09-01,2026-09-01,
CHK-00741,T-619,Biomed Equipment Check,Preventive maintenance tag,OWN-004,Verified,Low,2026-06-06,2026-10-25,2026-07-05,2026-07-05,
CHK-00742,T-619,Furniture & Fixtures,Install overbed table,OWN-018,Blocked,High,2026-08-08,2026-10-02,,2026-08-30,Dependency on another item
CHK-00743,T-619,Clinical Supplies Stocked,Stock isolation cart,OWN-017,In Progress,Medium,2026-06-04,2026-10-23,,2026-08-30,
CHK-00744,T-619,Signage & Wayfinding,Braille compliance check,OWN-001,Not Started,Medium,2026-06-22,2026-10-27,,2026-09-01,
CHK-00745,T-619,Life Safety Inspection,Fire extinguisher inspection,OWN-015,Verified,Medium,2026-08-23,2026-10-02,2026-08-24,2026-08-24,
CHK-00746,T-619,Terminal Clean,Terminal clean and UV cycle,OWN-010,Verified,High,2026-07-30,2026-10-28,2026-08-05,2026-08-05,
CHK-00747,T-619,Staff Training / Orientation,Unit walk-through completed,OWN-007,Verified,Medium,2026-08-05,2026-11-05,2026-08-20,2026-08-20,
CHK-00748,T-619,Clinical Workflow Validation,Code blue drill,OWN-007,Verified,Medium,2026-06-25,2026-11-03,2026-07-16,2026-07-16,
CHK-00749,T-620,Construction Punch List,Seal ceiling penetrations,OWN-002,Not Started,High,2026-07-10,2026-10-26,,2026-09-01,
CHK-00750,T-620,Low-Voltage / Network,Test Wi-Fi coverage,OWN-005,Verified,Medium,2026-07-20,2026-08-16,2026-08-19,2026-08-19,
CHK-00751,T-620,Biomed Equipment Check,Electrical safety test,OWN-003,Verified,Medium,2026-06-11,2026-10-10,2026-06-14,2026-06-14,
CHK-00752,T-620,Furniture & Fixtures,Mount whiteboard,OWN-018,In Progress,Low,2026-06-27,2026-10-27,,2026-08-01,
CHK-00753,T-620,Clinical Supplies Stocked,Stock linen shelf,OWN-017,Complete,Medium,2026-06-10,2026-10-09,2026-06-19,2026-06-19,
CHK-00754,T-620,Signage & Wayfinding,Braille compliance check,OWN-002,Not Started,Medium,2026-07-20,2026-10-03,,2026-09-01,
CHK-00755,T-620,Life Safety Inspection,Fire extinguisher inspection,OWN-014,Complete,High,2026-07-31,2026-10-01,2026-09-01,2026-09-01,
CHK-00756,T-620,Terminal Clean,Terminal clean and UV cycle,OWN-009,Verified,High,2026-07-30,2026-10-06,2026-08-15,2026-08-15,
CHK-00757,T-620,Staff Training / Orientation,Unit walk-through completed,OWN-007,Complete,High,2026-08-04,2026-10-24,2026-08-29,2026-08-29,
CHK-00758,T-620,Clinical Workflow Validation,Med admin end-to-end test,OWN-007,In Progress,Medium,2026-07-04,2026-10-12,,2026-08-30,
CHK-00759,T-621,Construction Punch List,Seal ceiling penetrations,OWN-002,Not Started,High,2026-06-08,2026-11-08,,2026-08-27,
CHK-00760,T-621,Low-Voltage / Network,Verify RTLS badge reader,OWN-006,Complete,High,2026-06-05,2026-10-26,2026-07-14,2026-07-14,
CHK-00761,T-621,Biomed Equipment Check,Preventive maintenance tag,OWN-003,Complete,Medium,2026-08-21,2026-10-09,2026-08-26,2026-08-26,
CHK-00762,T-621,Furniture & Fixtures,Mount whiteboard,OWN-017,Verified,Medium,2026-08-03,2026-08-28,2026-09-01,2026-09-01,
CHK-00763,T-621,Clinical Supplies Stocked,Stock isolation cart,OWN-017,Complete,Medium,2026-07-01,2026-10-21,2026-07-12,2026-07-12,
CHK-00764,T-621,Signage & Wayfinding,Install exit signage,OWN-001,Complete,High,2026-07-22,2026-10-22,2026-08-28,2026-08-28,
CHK-00765,T-621,Life Safety Inspection,Med gas alarm test,OWN-015,In Progress,Medium,2026-08-19,2026-10-17,,2026-08-31,
CHK-00766,T-621,Terminal Clean,ATP swab verification,OWN-010,Complete,Low,2026-08-10,2026-10-10,2026-08-12,2026-08-12,
CHK-00767,T-621,Staff Training / Orientation,Bed controls training,OWN-007,In Progress,High,2026-07-22,2026-10-02,,2026-08-28,
CHK-00768,T-621,Clinical Workflow Validation,Med admin end-to-end test,OWN-008,Complete,High,2026-07-02,2026-10-22,2026-07-27,2026-07-27,
CHK-00769,T-622,Construction Punch List,Patch and paint wall behind headwall,OWN-002,Verified,Medium,2026-06-30,2026-07-26,2026-07-01,2026-07-01,
CHK-00770,T-622,Low-Voltage / Network,Activate data drops,OWN-006,Not Started,Low,2026-07-10,2026-10-17,,2026-08-30,
CHK-00771,T-622,Biomed Equipment Check,Preventive maintenance tag,OWN-004,Not Started,Low,2026-08-14,2026-10-16,,2026-08-21,
CHK-00772,T-622,Furniture & Fixtures,Install privacy curtain,OWN-017,In Progress,Medium,2026-05-25,2026-10-08,,2026-08-06,
CHK-00773,T-622,Clinical Supplies Stocked,Stock linen shelf,OWN-017,Not Started,Medium,2026-05-27,2026-10-25,,2026-09-01,
CHK-00774,T-622,Signage & Wayfinding,Braille compliance check,OWN-001,Complete,High,2026-07-27,2026-10-02,2026-08-26,2026-08-26,
CHK-00775,T-622,Life Safety Inspection,Fire extinguisher inspection,OWN-014,Complete,Medium,2026-06-06,2026-10-30,2026-06-07,2026-06-07,
CHK-00776,T-622,Terminal Clean,Terminal clean and UV cycle,OWN-010,Verified,High,2026-06-15,2026-11-04,2026-07-19,2026-07-19,
CHK-00777,T-622,Staff Training / Orientation,Bed controls training,OWN-008,Complete,Medium,2026-06-02,2026-10-21,2026-07-05,2026-07-05,
CHK-00778,T-622,Clinical Workflow Validation,Code blue drill,OWN-007,In Progress,High,2026-05-25,2026-11-04,,2026-08-28,
CHK-00779,T-623,Construction Punch List,Adjust door closer,OWN-002,Verified,High,2026-05-26,2026-06-28,2026-05-27,2026-05-27,
CHK-00780,T-623,Low-Voltage / Network,Verify RTLS badge reader,OWN-005,Verified,High,2026-06-01,2026-07-11,2026-06-20,2026-06-20,
CHK-00781,T-623,Biomed Equipment Check,Preventive maintenance tag,OWN-003,Verified,Medium,2026-08-12,2026-10-28,2026-09-01,2026-09-01,
CHK-00782,T-623,Furniture & Fixtures,Install privacy curtain,OWN-018,Blocked,Medium,2026-08-06,2026-08-31,,2026-08-20,Awaiting inspection sign-off
CHK-00783,T-623,Clinical Supplies Stocked,Stock linen shelf,OWN-017,Verified,Medium,2026-06-09,2026-10-30,2026-06-15,2026-06-15,
CHK-00784,T-623,Signage & Wayfinding,Install room number sign,OWN-002,Verified,Medium,2026-07-17,2026-11-08,2026-08-24,2026-08-24,
CHK-00785,T-623,Life Safety Inspection,Fire extinguisher inspection,OWN-014,In Progress,High,2026-08-28,2026-11-06,,2026-09-01,
CHK-00786,T-623,Terminal Clean,ATP swab verification,OWN-010,Verified,Medium,2026-06-24,2026-10-23,2026-07-26,2026-07-26,
CHK-00787,T-623,Staff Training / Orientation,Unit walk-through completed,OWN-008,Verified,Medium,2026-06-03,2026-10-19,2026-06-24,2026-06-24,
CHK-00788,T-623,Clinical Workflow Validation,Admission workflow tabletop,OWN-007,Verified,Medium,2026-08-22,2026-10-18,2026-09-01,2026-09-01,
CHK-00789,T-624,Construction Punch List,Patch and paint wall behind headwall,OWN-002,Complete,Low,2026-05-29,2026-10-25,2026-05-31,2026-05-31,
CHK-00790,T-624,Low-Voltage / Network,Test Wi-Fi coverage,OWN-005,In Progress,Low,2026-07-29,2026-09-11,,2026-08-27,
CHK-00791,T-624,Biomed Equipment Check,Electrical safety test,OWN-004,Not Started,Medium,2026-07-19,2026-11-01,,2026-07-30,
CHK-00792,T-624,Furniture & Fixtures,Deliver visitor chair,OWN-018,Verified,Low,2026-06-28,2026-07-17,2026-07-21,2026-07-21,
CHK-00793,T-624,Clinical Supplies Stocked,Stock isolation cart,OWN-017,Not Started,High,2026-08-17,2026-10-09,,2026-08-31,
CHK-00794,T-624,Signage & Wayfinding,Install room number sign,OWN-002,In Progress,Low,2026-07-22,2026-09-28,,2026-08-12,
CHK-00795,T-624,Life Safety Inspection,Sprinkler head clearance,OWN-014,Complete,Medium,2026-06-21,2026-10-18,2026-07-07,2026-07-07,
CHK-00796,T-624,Terminal Clean,ATP swab verification,OWN-010,Verified,Medium,2026-07-05,2026-11-01,2026-07-16,2026-07-16,
CHK-00797,T-624,Staff Training / Orientation,Bed controls training,OWN-007,Verified,Low,2026-07-28,2026-10-03,2026-08-05,2026-08-05,
CHK-00798,T-624,Clinical Workflow Validation,Admission workflow tabletop,OWN-007,Complete,Medium,2026-06-28,2026-10-28,2026-07-20,2026-07-20,
CHK-00799,T-701,Construction Punch List,Replace scratched floor tile,OWN-001,Complete,High,2026-05-30,2026-10-16,2026-07-05,2026-07-05,
CHK-00800,T-701,Low-Voltage / Network,Test Wi-Fi coverage,OWN-005,Verified,Medium,2026-08-18,2026-09-22,2026-09-01,2026-09-01,
CHK-00801,T-701,Biomed Equipment Check,Electrical safety test,OWN-004,Verified,High,2026-07-20,2026-10-16,2026-08-26,2026-08-26,
CHK-00802,T-701,Furniture & Fixtures,Mount whiteboard,OWN-017,In Progress,High,2026-07-11,2026-10-20,,2026-08-01,
CHK-00803,T-701,Clinical Supplies Stocked,Stock linen shelf,OWN-017,Verified,Medium,2026-07-02,2026-10-20,2026-07-12,2026-07-12,
CHK-00804,T-701,Signage & Wayfinding,Braille compliance check,OWN-001,In Progress,Medium,2026-06-14,2026-10-22,,2026-08-27,
CHK-00805,T-701,Life Safety Inspection,Med gas alarm test,OWN-016,Complete,Low,2026-06-02,2026-11-02,2026-06-20,2026-06-20,
CHK-00806,T-701,Terminal Clean,Terminal clean and UV cycle,OWN-009,Not Started,Low,2026-07-12,2026-11-06,,2026-08-16,
CHK-00807,T-701,Staff Training / Orientation,Unit walk-through completed,OWN-008,Not Started,Medium,2026-08-01,2026-11-06,,2026-08-02,
CHK-00808,T-701,Clinical Workflow Validation,Med admin end-to-end test,OWN-008,Complete,Medium,2026-06-06,2026-10-30,2026-06-08,2026-06-08,
CHK-00809,T-702,Construction Punch List,Seal ceiling penetrations,OWN-002,Blocked,Medium,2026-07-16,2026-10-15,,2026-08-27,Parts back-ordered
CHK-00810,T-702,Low-Voltage / Network,Activate data drops,OWN-006,Not Started,Medium,2026-06-20,2026-07-12,,2026-08-28,
CHK-00811,T-702,Biomed Equipment Check,Asset tag and CMMS entry,OWN-003,Verified,High,2026-08-12,2026-10-12,2026-09-01,2026-09-01,
CHK-00812,T-702,Furniture & Fixtures,Install overbed table,OWN-017,Not Started,Medium,2026-08-04,2026-11-09,,2026-08-28,
CHK-00813,T-702,Clinical Supplies Stocked,Stock linen shelf,OWN-018,Not Started,High,2026-06-04,2026-10-30,,2026-08-23,
CHK-00814,T-702,Signage & Wayfinding,Install exit signage,OWN-001,Verified,Medium,2026-06-25,2026-10-19,2026-08-02,2026-08-02,
CHK-00815,T-702,Life Safety Inspection,Emergency power receptacle test,OWN-016,In Progress,Medium,2026-08-25,2026-11-02,,2026-08-29,
CHK-00816,T-702,Staff Training / Orientation,Bed controls training,OWN-008,Not Started,High,2026-06-02,2026-11-04,,2026-07-30,
CHK-00817,T-702,Clinical Workflow Validation,Admission workflow tabletop,OWN-008,Blocked,Medium,2026-07-13,2026-11-09,,2026-09-01,Awaiting inspection sign-off
CHK-00818,T-703,Construction Punch List,Seal ceiling penetrations,OWN-001,Verified,Medium,2026-06-15,2026-10-04,2026-07-16,2026-07-16,
CHK-00819,T-703,Low-Voltage / Network,Test Wi-Fi coverage,OWN-005,Verified,Medium,2026-06-29,2026-10-13,2026-07-19,2026-07-19,
CHK-00820,T-703,Biomed Equipment Check,Electrical safety test,OWN-004,Not Started,Medium,2026-06-22,2026-10-29,,2026-08-27,
CHK-00821,T-703,Furniture & Fixtures,Install overbed table,OWN-017,In Progress,Low,2026-06-23,2026-07-14,,2026-08-20,
CHK-00822,T-703,Clinical Supplies Stocked,Stock PPE cabinet,OWN-017,Blocked,High,2026-08-29,2026-10-05,,2026-08-30,Parts back-ordered
CHK-00823,T-703,Signage & Wayfinding,Install room number sign,OWN-001,Blocked,Medium,2026-08-18,2026-10-05,,2026-09-01,Contractor rework required
CHK-00824,T-703,Life Safety Inspection,Fire extinguisher inspection,OWN-014,Not Started,Medium,2026-08-08,2026-10-13,,2026-08-08,
CHK-00825,T-703,Terminal Clean,ATP swab verification,OWN-010,In Progress,Medium,2026-07-23,2026-10-06,,2026-08-28,
CHK-00826,T-703,Staff Training / Orientation,Bed controls training,OWN-007,Not Started,Medium,2026-07-15,2026-10-02,,2026-08-31,
CHK-00827,T-703,Clinical Workflow Validation,Code blue drill,OWN-007,Verified,Low,2026-08-25,2026-10-28,2026-09-01,2026-09-01,
CHK-00828,T-704,Construction Punch List,Replace scratched floor tile,OWN-001,In Progress,Medium,2026-08-02,2026-10-23,,2026-08-28,
CHK-00829,T-704,Low-Voltage / Network,Activate data drops,OWN-006,Complete,Medium,2026-06-07,2026-10-15,2026-07-07,2026-07-07,
CHK-00830,T-704,Biomed Equipment Check,Asset tag and CMMS entry,OWN-003,Not Started,Medium,2026-08-11,2026-10-06,,2026-08-27,
CHK-00831,T-704,Furniture & Fixtures,Install privacy curtain,OWN-018,In Progress,Medium,2026-06-08,2026-10-02,,2026-08-31,
CHK-00832,T-704,Clinical Supplies Stocked,Stock PPE cabinet,OWN-018,Not Started,High,2026-07-29,2026-11-05,,2026-08-28,
CHK-00833,T-704,Signage & Wayfinding,Install room number sign,OWN-002,Blocked,High,2026-07-14,2026-10-19,,2026-08-22,Access restricted by construction
CHK-00834,T-704,Life Safety Inspection,Fire extinguisher inspection,OWN-014,Not Started,Medium,2026-08-01,2026-10-16,,2026-08-01,
CHK-00835,T-704,Terminal Clean,ATP swab verification,OWN-010,In Progress,Medium,2026-06-28,2026-11-03,,2026-08-27,
CHK-00836,T-704,Staff Training / Orientation,Unit walk-through completed,OWN-008,Not Started,Low,2026-08-08,2026-10-20,,2026-08-14,
CHK-00837,T-704,Clinical Workflow Validation,Code blue drill,OWN-007,Blocked,High,2026-06-22,2026-10-05,,2026-08-29,Dependency on another item
CHK-00838,T-705,Construction Punch List,Seal ceiling penetrations,OWN-001,In Progress,Low,2026-08-10,2026-10-17,,2026-08-27,
CHK-00839,T-705,Low-Voltage / Network,Verify RTLS badge reader,OWN-005,Blocked,Medium,2026-07-13,2026-10-11,,2026-08-13,Contractor rework required
CHK-00840,T-705,Biomed Equipment Check,Preventive maintenance tag,OWN-004,Not Started,Medium,2026-06-26,2026-10-08,,2026-08-29,
CHK-00841,T-705,Furniture & Fixtures,Install overbed table,OWN-017,Verified,Medium,2026-07-21,2026-08-24,2026-07-27,2026-07-27,
CHK-00842,T-705,Clinical Supplies Stocked,Stock linen shelf,OWN-018,Not Started,Low,2026-08-08,2026-09-20,,2026-08-27,
CHK-00843,T-705,Signage & Wayfinding,Install exit signage,OWN-002,Verified,Medium,2026-07-06,2026-09-24,2026-07-15,2026-07-15,
CHK-00844,T-705,Life Safety Inspection,Sprinkler head clearance,OWN-016,Not Started,High,2026-06-22,2026-10-19,,2026-08-28,
CHK-00845,T-705,Terminal Clean,Terminal clean and UV cycle,OWN-010,In Progress,Low,2026-07-16,2026-10-11,,2026-08-05,
CHK-00846,T-705,Staff Training / Orientation,Unit walk-through completed,OWN-008,Blocked,Low,2026-05-24,2026-09-23,,2026-08-21,Awaiting inspection sign-off
CHK-00847,T-705,Clinical Workflow Validation,Code blue drill,OWN-007,Complete,Medium,2026-08-23,2026-09-29,2026-09-01,2026-09-01,
CHK-00848,T-706,Construction Punch List,Seal ceiling penetrations,OWN-002,Verified,High,2026-06-04,2026-06-25,2026-06-23,2026-06-23,
CHK-00849,T-706,Low-Voltage / Network,Label patch panel ports,OWN-005,Verified,Low,2026-05-27,2026-10-01,2026-06-10,2026-06-10,
CHK-00850,T-706,Biomed Equipment Check,Alarm integration test,OWN-004,Not Started,High,2026-06-28,2026-10-23,,2026-08-28,
CHK-00851,T-706,Furniture & Fixtures,Install privacy curtain,OWN-017,Verified,High,2026-07-16,2026-10-15,2026-08-11,2026-08-11,
CHK-00852,T-706,Clinical Supplies Stocked,Par-level check,OWN-017,In Progress,Low,2026-08-19,2026-09-23,,2026-08-31,
CHK-00853,T-706,Signage & Wayfinding,Install exit signage,OWN-002,Verified,Medium,2026-06-06,2026-10-10,2026-06-21,2026-06-21,
CHK-00854,T-706,Life Safety Inspection,Fire extinguisher inspection,OWN-015,Complete,Medium,2026-08-06,2026-09-22,2026-08-24,2026-08-24,
CHK-00855,T-706,Terminal Clean,ATP swab verification,OWN-009,Verified,High,2026-05-26,2026-09-29,2026-05-27,2026-05-27,
CHK-00856,T-706,Staff Training / Orientation,Bed controls training,OWN-008,Complete,Low,2026-08-12,2026-10-01,2026-09-01,2026-09-01,
CHK-00857,T-706,Clinical Workflow Validation,Admission workflow tabletop,OWN-008,Verified,Medium,2026-08-04,2026-09-26,2026-08-22,2026-08-22,
CHK-00858,T-707,Construction Punch List,Replace scratched floor tile,OWN-002,In Progress,High,2026-06-03,2026-10-06,,2026-08-02,
CHK-00859,T-707,Low-Voltage / Network,Test Wi-Fi coverage,OWN-005,Not Started,Medium,2026-08-27,2026-10-02,,2026-08-27,
CHK-00860,T-707,Biomed Equipment Check,Alarm integration test,OWN-004,Complete,High,2026-06-14,2026-10-26,2026-07-12,2026-07-12,
CHK-00861,T-707,Furniture & Fixtures,Mount whiteboard,OWN-017,Verified,High,2026-07-06,2026-07-29,2026-08-08,2026-08-08,
CHK-00862,T-707,Clinical Supplies Stocked,Stock isolation cart,OWN-018,Verified,Medium,2026-07-27,2026-10-11,2026-08-24,2026-08-24,
CHK-00863,T-707,Signage & Wayfinding,Braille compliance check,OWN-001,Not Started,High,2026-06-01,2026-09-24,,2026-08-20,
CHK-00864,T-707,Life Safety Inspection,Sprinkler head clearance,OWN-015,Verified,High,2026-08-25,2026-10-09,2026-09-01,2026-09-01,
CHK-00865,T-707,Staff Training / Orientation,Bed controls training,OWN-007,Not Started,High,2026-07-12,2026-09-30,,2026-08-27,
CHK-00866,T-707,Clinical Workflow Validation,Code blue drill,OWN-007,In Progress,High,2026-08-22,2026-09-24,,2026-09-01,
CHK-00867,T-708,Construction Punch List,Patch and paint wall behind headwall,OWN-001,Complete,High,2026-07-16,2026-10-18,2026-08-06,2026-08-06,
CHK-00868,T-708,Low-Voltage / Network,Label patch panel ports,OWN-005,Verified,Medium,2026-05-26,2026-06-27,2026-06-26,2026-06-26,
CHK-00869,T-708,Biomed Equipment Check,Asset tag and CMMS entry,OWN-003,Complete,High,2026-06-28,2026-10-10,2026-07-20,2026-07-20,
CHK-00870,T-708,Furniture & Fixtures,Install privacy curtain,OWN-018,Verified,Medium,2026-06-20,2026-10-25,2026-07-12,2026-07-12,
CHK-00871,T-708,Clinical Supplies Stocked,Stock isolation cart,OWN-018,In Progress,High,2026-06-13,2026-10-10,,2026-08-30,
CHK-00872,T-708,Signage & Wayfinding,Install room number sign,OWN-001,Verified,High,2026-06-10,2026-09-25,2026-06-18,2026-06-18,
CHK-00873,T-708,Life Safety Inspection,Emergency power receptacle test,OWN-015,In Progress,Medium,2026-08-17,2026-10-29,,2026-08-17,
CHK-00874,T-708,Terminal Clean,Terminal clean and UV cycle,OWN-009,Verified,Medium,2026-05-29,2026-10-24,2026-06-01,2026-06-01,
CHK-00875,T-708,Staff Training / Orientation,Nurse call training,OWN-008,Not Started,Medium,2026-05-24,2026-09-28,,2026-07-29,
CHK-00876,T-708,Clinical Workflow Validation,Code blue drill,OWN-007,Verified,High,2026-07-05,2026-10-29,2026-08-05,2026-08-05,
CHK-00877,T-709,Construction Punch List,Replace scratched floor tile,OWN-002,Complete,Medium,2026-08-13,2026-08-30,2026-08-26,2026-08-26,
CHK-00878,T-709,Low-Voltage / Network,Verify RTLS badge reader,OWN-006,Not Started,High,2026-08-20,2026-09-27,,2026-08-29,
CHK-00879,T-709,Biomed Equipment Check,Electrical safety test,OWN-004,Verified,Medium,2026-06-17,2026-10-13,2026-07-25,2026-07-25,
CHK-00880,T-709,Furniture & Fixtures,Install overbed table,OWN-017,Not Started,High,2026-07-27,2026-08-24,,2026-08-30,
CHK-00881,T-709,Clinical Supplies Stocked,Stock linen shelf,OWN-017,In Progress,High,2026-07-23,2026-10-24,,2026-07-29,
CHK-00882,T-709,Signage & Wayfinding,Braille compliance check,OWN-001,Not Started,High,2026-06-08,2026-10-11,,2026-08-20,
CHK-00883,T-709,Life Safety Inspection,Fire extinguisher inspection,OWN-016,Complete,Low,2026-06-13,2026-10-03,2026-07-04,2026-07-04,
CHK-00884,T-709,Staff Training / Orientation,Unit walk-through completed,OWN-007,Verified,Low,2026-06-12,2026-10-08,2026-07-03,2026-07-03,
CHK-00885,T-709,Clinical Workflow Validation,Admission workflow tabletop,OWN-007,Verified,Medium,2026-07-25,2026-10-15,2026-08-11,2026-08-11,
CHK-00886,T-710,Construction Punch List,Seal ceiling penetrations,OWN-002,Blocked,High,2026-06-07,2026-07-04,,2026-08-19,Dependency on another item
CHK-00887,T-710,Low-Voltage / Network,Verify RTLS badge reader,OWN-006,Not Started,High,2026-05-25,2026-07-06,,2026-08-27,
CHK-00888,T-710,Biomed Equipment Check,Preventive maintenance tag,OWN-004,In Progress,Low,2026-06-27,2026-10-15,,2026-08-31,
CHK-00889,T-710,Furniture & Fixtures,Deliver visitor chair,OWN-017,Verified,High,2026-07-24,2026-08-17,2026-08-05,2026-08-05,
CHK-00890,T-710,Clinical Supplies Stocked,Stock PPE cabinet,OWN-017,Verified,Medium,2026-07-29,2026-09-27,2026-08-24,2026-08-24,
CHK-00891,T-710,Signage & Wayfinding,Install room number sign,OWN-001,Not Started,Medium,2026-06-13,2026-10-20,,2026-09-01,
CHK-00892,T-710,Life Safety Inspection,Emergency power receptacle test,OWN-014,Blocked,Low,2026-08-24,2026-10-18,,2026-09-01,Awaiting inspection sign-off
CHK-00893,T-710,Staff Training / Orientation,Bed controls training,OWN-007,Not Started,High,2026-08-16,2026-09-22,,2026-08-16,
CHK-00894,T-710,Clinical Workflow Validation,Code blue drill,OWN-008,In Progress,High,2026-06-18,2026-09-28,,2026-08-17,
CHK-00895,T-711,Construction Punch List,Patch and paint wall behind headwall,OWN-001,Verified,Medium,2026-06-02,2026-06-23,2026-06-04,2026-06-04,
CHK-00896,T-711,Low-Voltage / Network,Test Wi-Fi coverage,OWN-006,Verified,Medium,2026-07-07,2026-08-04,2026-07-09,2026-07-09,
CHK-00897,T-711,Biomed Equipment Check,Electrical safety test,OWN-004,Complete,High,2026-07-24,2026-10-19,2026-08-18,2026-08-18,
CHK-00898,T-711,Furniture & Fixtures,Install overbed table,OWN-018,Verified,High,2026-08-16,2026-10-15,2026-09-01,2026-09-01,
CHK-00899,T-711,Clinical Supplies Stocked,Par-level check,OWN-018,Not Started,Medium,2026-08-19,2026-10-31,,2026-08-21,
CHK-00900,T-711,Signage & Wayfinding,Install exit signage,OWN-001,Blocked,High,2026-08-10,2026-10-14,,2026-08-17,Access restricted by construction
CHK-00901,T-711,Life Safety Inspection,Sprinkler head clearance,OWN-016,Blocked,High,2026-07-27,2026-10-29,,2026-07-30,Parts back-ordered
CHK-00902,T-711,Terminal Clean,ATP swab verification,OWN-009,Not Started,High,2026-06-29,2026-10-29,,2026-08-29,
CHK-00903,T-711,Staff Training / Orientation,Nurse call training,OWN-008,Not Started,Medium,2026-08-06,2026-10-09,,2026-08-29,
CHK-00904,T-711,Clinical Workflow Validation,Admission workflow tabletop,OWN-008,In Progress,Medium,2026-06-09,2026-10-12,,2026-08-27,
CHK-00905,T-712,Construction Punch List,Replace scratched floor tile,OWN-001,In Progress,Medium,2026-06-22,2026-07-20,,2026-08-28,
CHK-00906,T-712,Low-Voltage / Network,Verify RTLS badge reader,OWN-005,Verified,Low,2026-08-29,2026-09-13,2026-09-01,2026-09-01,
CHK-00907,T-712,Biomed Equipment Check,Asset tag and CMMS entry,OWN-004,Verified,High,2026-07-16,2026-10-17,2026-07-25,2026-07-25,
CHK-00908,T-712,Furniture & Fixtures,Install overbed table,OWN-017,Not Started,Medium,2026-07-07,2026-08-04,,2026-08-31,
CHK-00909,T-712,Clinical Supplies Stocked,Stock PPE cabinet,OWN-017,Verified,Medium,2026-07-06,2026-10-17,2026-07-10,2026-07-10,
CHK-00910,T-712,Signage & Wayfinding,Install room number sign,OWN-001,In Progress,High,2026-08-09,2026-11-08,,2026-08-31,
CHK-00911,T-712,Life Safety Inspection,Sprinkler head clearance,OWN-016,In Progress,Medium,2026-07-07,2026-10-31,,2026-08-11,
CHK-00912,T-712,Terminal Clean,Terminal clean and UV cycle,OWN-010,In Progress,High,2026-05-29,2026-10-19,,2026-08-27,
CHK-00913,T-712,Staff Training / Orientation,Unit walk-through completed,OWN-007,Verified,High,2026-06-08,2026-11-07,2026-07-17,2026-07-17,
CHK-00914,T-712,Clinical Workflow Validation,Med admin end-to-end test,OWN-008,Not Started,Medium,2026-06-03,2026-10-11,,2026-08-30,
CHK-00915,T-713,Construction Punch List,Adjust door closer,OWN-002,In Progress,Medium,2026-08-09,2026-08-28,,2026-08-31,
CHK-00916,T-713,Low-Voltage / Network,Activate data drops,OWN-006,Verified,Medium,2026-08-06,2026-10-05,2026-09-01,2026-09-01,
CHK-00917,T-713,Biomed Equipment Check,Alarm integration test,OWN-003,Blocked,High,2026-07-09,2026-10-16,,2026-08-30,Waiting on vendor
CHK-00918,T-713,Furniture & Fixtures,Mount whiteboard,OWN-018,Verified,High,2026-06-13,2026-10-19,2026-06-15,2026-06-15,
CHK-00919,T-713,Clinical Supplies Stocked,Stock linen shelf,OWN-017,Verified,Medium,2026-08-02,2026-10-02,2026-08-03,2026-08-03,
CHK-00920,T-713,Signage & Wayfinding,Braille compliance check,OWN-001,Blocked,Medium,2026-08-25,2026-10-25,,2026-08-28,Access restricted by construction
CHK-00921,T-713,Life Safety Inspection,Fire extinguisher inspection,OWN-015,Verified,Medium,2026-07-20,2026-11-04,2026-08-09,2026-08-09,
CHK-00922,T-713,Terminal Clean,Terminal clean and UV cycle,OWN-010,In Progress,Medium,2026-07-20,2026-10-15,,2026-08-22,
CHK-00923,T-713,Staff Training / Orientation,Unit walk-through completed,OWN-008,Not Started,Medium,2026-08-17,2026-10-08,,2026-08-22,
CHK-00924,T-713,Clinical Workflow Validation,Code blue drill,OWN-007,Not Started,Low,2026-08-25,2026-10-22,,2026-08-27,
CHK-00925,T-714,Construction Punch List,Adjust door closer,OWN-002,Verified,Medium,2026-05-30,2026-06-26,2026-06-09,2026-06-09,
CHK-00926,T-714,Low-Voltage / Network,Verify RTLS badge reader,OWN-005,Verified,High,2026-07-23,2026-09-02,2026-07-26,2026-07-26,
CHK-00927,T-714,Biomed Equipment Check,Electrical safety test,OWN-003,Blocked,High,2026-08-20,2026-10-17,,2026-08-29,Contractor rework required
CHK-00928,T-714,Furniture & Fixtures,Mount whiteboard,OWN-017,In Progress,High,2026-08-18,2026-09-30,,2026-08-30,
CHK-00929,T-714,Clinical Supplies Stocked,Par-level check,OWN-018,Complete,Low,2026-08-18,2026-10-22,2026-08-30,2026-08-30,
CHK-00930,T-714,Signage & Wayfinding,Install room number sign,OWN-002,Not Started,High,2026-05-24,2026-09-28,,2026-08-22,
CHK-00931,T-714,Life Safety Inspection,Sprinkler head clearance,OWN-015,Not Started,Medium,2026-07-09,2026-09-30,,2026-07-28,
CHK-00932,T-714,Terminal Clean,ATP swab verification,OWN-010,Not Started,Low,2026-07-13,2026-10-21,,2026-08-10,
CHK-00933,T-714,Staff Training / Orientation,Bed controls training,OWN-007,Not Started,High,2026-08-24,2026-10-23,,2026-08-24,
CHK-00934,T-714,Clinical Workflow Validation,Code blue drill,OWN-007,Verified,High,2026-07-12,2026-10-16,2026-08-18,2026-08-18,
CHK-00935,T-715,Construction Punch List,Replace scratched floor tile,OWN-001,Not Started,High,2026-06-05,2026-07-18,,2026-08-28,
CHK-00936,T-715,Low-Voltage / Network,Label patch panel ports,OWN-006,Not Started,Low,2026-07-10,2026-10-28,,2026-09-01,
CHK-00937,T-715,Biomed Equipment Check,Electrical safety test,OWN-003,In Progress,Low,2026-06-01,2026-10-10,,2026-08-29,
CHK-00938,T-715,Furniture & Fixtures,Deliver visitor chair,OWN-017,Verified,Low,2026-08-02,2026-08-18,2026-09-01,2026-09-01,
CHK-00939,T-715,Clinical Supplies Stocked,Stock PPE cabinet,OWN-017,Complete,Low,2026-07-05,2026-10-10,2026-07-19,2026-07-19,
CHK-00940,T-715,Signage & Wayfinding,Install room number sign,OWN-001,Not Started,High,2026-06-03,2026-10-13,,2026-08-27,
CHK-00941,T-715,Life Safety Inspection,Med gas alarm test,OWN-016,Complete,High,2026-08-19,2026-10-21,2026-09-01,2026-09-01,
CHK-00942,T-715,Terminal Clean,ATP swab verification,OWN-010,Verified,High,2026-08-23,2026-11-04,2026-09-01,2026-09-01,
CHK-00943,T-715,Staff Training / Orientation,Bed controls training,OWN-007,Complete,Low,2026-07-07,2026-10-10,2026-08-07,2026-08-07,
CHK-00944,T-715,Clinical Workflow Validation,Med admin end-to-end test,OWN-007,In Progress,High,2026-06-02,2026-10-04,,2026-09-01,
CHK-00945,T-716,Construction Punch List,Adjust door closer,OWN-002,Blocked,Low,2026-06-12,2026-07-16,,2026-08-29,Waiting on vendor
CHK-00946,T-716,Low-Voltage / Network,Test Wi-Fi coverage,OWN-006,Not Started,Medium,2026-06-04,2026-06-18,,2026-07-31,
CHK-00947,T-716,Biomed Equipment Check,Alarm integration test,OWN-003,In Progress,Medium,2026-08-25,2026-10-27,,2026-08-25,
CHK-00948,T-716,Furniture & Fixtures,Install privacy curtain,OWN-018,Verified,High,2026-08-03,2026-10-04,2026-08-04,2026-08-04,
CHK-00949,T-716,Clinical Supplies Stocked,Par-level check,OWN-018,Not Started,Medium,2026-06-26,2026-11-02,,2026-08-06,
CHK-00950,T-716,Signage & Wayfinding,Install exit signage,OWN-001,Complete,Low,2026-06-21,2026-10-13,2026-07-25,2026-07-25,
CHK-00951,T-716,Life Safety Inspection,Med gas alarm test,OWN-015,In Progress,High,2026-07-13,2026-10-29,,2026-08-31,
CHK-00952,T-716,Terminal Clean,Terminal clean and UV cycle,OWN-009,Blocked,Low,2026-06-09,2026-10-22,,2026-07-28,Waiting on vendor
CHK-00953,T-716,Staff Training / Orientation,Nurse call training,OWN-007,Verified,Medium,2026-08-27,2026-10-14,2026-09-01,2026-09-01,
CHK-00954,T-716,Clinical Workflow Validation,Admission workflow tabletop,OWN-008,In Progress,Medium,2026-08-25,2026-10-22,,2026-08-25,
CHK-00955,T-717,Construction Punch List,Replace scratched floor tile,OWN-002,Verified,High,2026-06-30,2026-10-18,2026-07-30,2026-07-30,
CHK-00956,T-717,Low-Voltage / Network,Label patch panel ports,OWN-006,Complete,Medium,2026-08-01,2026-10-23,2026-08-18,2026-08-18,
CHK-00957,T-717,Biomed Equipment Check,Electrical safety test,OWN-003,Verified,Medium,2026-07-07,2026-11-07,2026-07-08,2026-07-08,
CHK-00958,T-717,Furniture & Fixtures,Deliver visitor chair,OWN-017,Not Started,Medium,2026-06-24,2026-10-02,,2026-08-31,
CHK-00959,T-717,Clinical Supplies Stocked,Par-level check,OWN-017,Complete,Low,2026-06-12,2026-10-15,2026-06-16,2026-06-16,
CHK-00960,T-717,Signage & Wayfinding,Install exit signage,OWN-001,Complete,Medium,2026-05-28,2026-10-29,2026-06-23,2026-06-23,
CHK-00961,T-717,Life Safety Inspection,Med gas alarm test,OWN-016,Verified,Low,2026-08-13,2026-10-08,2026-08-21,2026-08-21,
CHK-00962,T-717,Terminal Clean,Terminal clean and UV cycle,OWN-009,Verified,Medium,2026-07-19,2026-10-27,2026-07-25,2026-07-25,
CHK-00963,T-717,Staff Training / Orientation,Bed controls training,OWN-007,Blocked,Medium,2026-06-15,2026-10-31,,2026-08-27,Waiting on vendor
CHK-00964,T-717,Clinical Workflow Validation,Code blue drill,OWN-007,Not Started,High,2026-08-13,2026-10-11,,2026-08-13,
CHK-00965,T-718,Construction Punch List,Replace scratched floor tile,OWN-002,Not Started,Medium,2026-07-22,2026-08-20,,2026-08-01,
CHK-00966,T-718,Low-Voltage / Network,Activate data drops,OWN-006,Complete,Low,2026-08-11,2026-10-03,2026-08-18,2026-08-18,
CHK-00967,T-718,Biomed Equipment Check,Preventive maintenance tag,OWN-003,Verified,High,2026-08-11,2026-10-22,2026-08-28,2026-08-28,
CHK-00968,T-718,Furniture & Fixtures,Install overbed table,OWN-018,Not Started,Low,2026-08-03,2026-09-17,,2026-08-13,
CHK-00969,T-718,Clinical Supplies Stocked,Stock linen shelf,OWN-018,Verified,Low,2026-06-03,2026-10-14,2026-06-28,2026-06-28,
CHK-00970,T-718,Signage & Wayfinding,Braille compliance check,OWN-001,Verified,High,2026-08-28,2026-10-29,2026-09-01,2026-09-01,
CHK-00971,T-718,Life Safety Inspection,Fire extinguisher inspection,OWN-014,Complete,Medium,2026-07-16,2026-10-10,2026-08-25,2026-08-25,
CHK-00972,T-718,Staff Training / Orientation,Unit walk-through completed,OWN-007,Verified,High,2026-06-13,2026-11-08,2026-07-18,2026-07-18,
CHK-00973,T-718,Clinical Workflow Validation,Admission workflow tabletop,OWN-007,Complete,High,2026-08-02,2026-11-08,2026-08-23,2026-08-23,
CHK-00974,T-801,Construction Punch List,Seal ceiling penetrations,OWN-002,In Progress,Medium,2026-08-13,2026-09-26,,2026-09-01,
CHK-00975,T-801,Low-Voltage / Network,Test Wi-Fi coverage,OWN-005,Blocked,Medium,2026-07-05,2026-10-15,,2026-08-18,Dependency on another item
CHK-00976,T-801,Biomed Equipment Check,Asset tag and CMMS entry,OWN-003,Verified,Medium,2026-07-10,2026-11-03,2026-08-17,2026-08-17,
CHK-00977,T-801,Furniture & Fixtures,Install privacy curtain,OWN-018,Not Started,Medium,2026-06-28,2026-08-09,,2026-08-27,
CHK-00978,T-801,Clinical Supplies Stocked,Stock linen shelf,OWN-018,Complete,Low,2026-07-06,2026-10-28,2026-08-12,2026-08-12,
CHK-00979,T-801,Signage & Wayfinding,Install exit signage,OWN-002,Not Started,High,2026-07-03,2026-10-30,,2026-08-10,
CHK-00980,T-801,Life Safety Inspection,Fire extinguisher inspection,OWN-014,Not Started,Low,2026-06-08,2026-10-07,,2026-09-01,
CHK-00981,T-801,Terminal Clean,ATP swab verification,OWN-010,Verified,High,2026-07-29,2026-11-05,2026-08-12,2026-08-12,
CHK-00982,T-801,Staff Training / Orientation,Bed controls training,OWN-008,Verified,High,2026-08-28,2026-10-20,2026-08-29,2026-08-29,
CHK-00983,T-801,Clinical Workflow Validation,Admission workflow tabletop,OWN-008,Complete,High,2026-07-19,2026-10-26,2026-08-24,2026-08-24,
CHK-00984,T-802,Construction Punch List,Patch and paint wall behind headwall,OWN-002,Verified,Medium,2026-08-02,2026-09-02,2026-09-01,2026-09-01,
CHK-00985,T-802,Low-Voltage / Network,Verify RTLS badge reader,OWN-005,Complete,Low,2026-07-20,2026-08-06,2026-08-21,2026-08-21,
CHK-00986,T-802,Biomed Equipment Check,Asset tag and CMMS entry,OWN-004,Complete,High,2026-08-14,2026-10-12,2026-08-25,2026-08-25,
CHK-00987,T-802,Furniture & Fixtures,Deliver visitor chair,OWN-018,Verified,High,2026-08-27,2026-10-04,2026-08-28,2026-08-28,
CHK-00988,T-802,Clinical Supplies Stocked,Stock linen shelf,OWN-017,Not Started,High,2026-08-25,2026-10-06,,2026-08-25,
CHK-00989,T-802,Signage & Wayfinding,Install exit signage,OWN-002,Verified,Medium,2026-07-07,2026-10-21,2026-07-25,2026-07-25,
CHK-00990,T-802,Life Safety Inspection,Fire extinguisher inspection,OWN-015,Complete,High,2026-07-20,2026-10-09,2026-08-29,2026-08-29,
CHK-00991,T-802,Terminal Clean,Terminal clean and UV cycle,OWN-009,Complete,High,2026-06-08,2026-11-02,2026-07-02,2026-07-02,
CHK-00992,T-802,Staff Training / Orientation,Bed controls training,OWN-008,Not Started,High,2026-08-12,2026-11-03,,2026-08-12,
CHK-00993,T-802,Clinical Workflow Validation,Admission workflow tabletop,OWN-007,Verified,High,2026-05-29,2026-10-17,2026-07-03,2026-07-03,
CHK-00994,T-803,Construction Punch List,Replace scratched floor tile,OWN-002,Blocked,Medium,2026-08-15,2026-09-17,,2026-08-30,Parts back-ordered
CHK-00995,T-803,Low-Voltage / Network,Verify RTLS badge reader,OWN-006,Complete,Medium,2026-08-14,2026-09-06,2026-09-01,2026-09-01,
CHK-00996,T-803,Biomed Equipment Check,Alarm integration test,OWN-004,Complete,Medium,2026-07-30,2026-09-20,2026-08-30,2026-08-30,
CHK-00997,T-803,Furniture & Fixtures,Mount whiteboard,OWN-017,In Progress,Medium,2026-08-01,2026-09-02,,2026-08-15,
CHK-00998,T-803,Clinical Supplies Stocked,Stock PPE cabinet,OWN-017,Verified,Medium,2026-06-27,2026-10-23,2026-07-11,2026-07-11,
CHK-00999,T-803,Signage & Wayfinding,Install room number sign,OWN-002,Complete,Medium,2026-06-28,2026-10-20,2026-07-20,2026-07-20,
CHK-01000,T-803,Life Safety Inspection,Fire extinguisher inspection,OWN-014,Verified,High,2026-07-02,2026-10-17,2026-08-04,2026-08-04,
CHK-01001,T-803,Terminal Clean,Terminal clean and UV cycle,OWN-009,Not Started,High,2026-06-11,2026-09-24,,2026-08-29,
CHK-01002,T-803,Staff Training / Orientation,Unit walk-through completed,OWN-008,Verified,Low,2026-07-21,2026-09-20,2026-07-28,2026-07-28,
CHK-01003,T-803,Clinical Workflow Validation,Code blue drill,OWN-007,In Progress,Medium,2026-07-30,2026-10-25,,2026-08-21,
CHK-01004,T-804,Construction Punch List,Replace scratched floor tile,OWN-001,Complete,High,2026-07-15,2026-08-03,2026-08-07,2026-08-07,
CHK-01005,T-804,Low-Voltage / Network,Label patch panel ports,OWN-005,Complete,High,2026-06-25,2026-08-06,2026-07-13,2026-07-13,
CHK-01006,T-804,Biomed Equipment Check,Preventive maintenance tag,OWN-004,Complete,High,2026-07-06,2026-10-21,2026-07-25,2026-07-25,
CHK-01007,T-804,Furniture & Fixtures,Install overbed table,OWN-017,Verified,Low,2026-06-13,2026-07-24,2026-06-20,2026-06-20,
CHK-01008,T-804,Clinical Supplies Stocked,Stock linen shelf,OWN-017,Verified,High,2026-08-23,2026-10-31,2026-09-01,2026-09-01,
CHK-01009,T-804,Signage & Wayfinding,Install exit signage,OWN-001,Verified,High,2026-08-01,2026-10-08,2026-08-27,2026-08-27,
CHK-01010,T-804,Life Safety Inspection,Sprinkler head clearance,OWN-015,Not Started,Medium,2026-06-02,2026-10-16,,2026-08-31,
CHK-01011,T-804,Terminal Clean,ATP swab verification,OWN-010,Verified,Low,2026-08-29,2026-10-27,2026-09-01,2026-09-01,
CHK-01012,T-804,Staff Training / Orientation,Unit walk-through completed,OWN-008,In Progress,Low,2026-08-08,2026-10-13,,2026-08-21,
CHK-01013,T-804,Clinical Workflow Validation,Code blue drill,OWN-007,Verified,High,2026-08-28,2026-10-03,2026-09-01,2026-09-01,
CHK-01014,T-805,Construction Punch List,Seal ceiling penetrations,OWN-002,Verified,Medium,2026-08-20,2026-09-03,2026-09-01,2026-09-01,
CHK-01015,T-805,Low-Voltage / Network,Label patch panel ports,OWN-005,Complete,Medium,2026-07-29,2026-08-14,2026-07-31,2026-07-31,
CHK-01016,T-805,Biomed Equipment Check,Asset tag and CMMS entry,OWN-004,Verified,Medium,2026-08-11,2026-10-27,2026-08-18,2026-08-18,
CHK-01017,T-805,Furniture & Fixtures,Install overbed table,OWN-018,In Progress,Medium,2026-06-21,2026-08-05,,2026-08-29,
CHK-01018,T-805,Clinical Supplies Stocked,Stock PPE cabinet,OWN-018,Verified,Medium,2026-06-24,2026-09-25,2026-07-25,2026-07-25,
CHK-01019,T-805,Signage & Wayfinding,Install room number sign,OWN-001,In Progress,Medium,2026-08-27,2026-10-24,,2026-08-27,
CHK-01020,T-805,Life Safety Inspection,Sprinkler head clearance,OWN-016,Verified,High,2026-06-17,2026-10-06,2026-07-11,2026-07-11,
CHK-01021,T-805,Terminal Clean,ATP swab verification,OWN-009,Complete,High,2026-08-16,2026-10-16,2026-09-01,2026-09-01,
CHK-01022,T-805,Staff Training / Orientation,Nurse call training,OWN-007,In Progress,High,2026-07-18,2026-10-08,,2026-08-30,
CHK-01023,T-805,Clinical Workflow Validation,Code blue drill,OWN-008,Complete,High,2026-07-17,2026-10-26,2026-08-14,2026-08-14,
CHK-01024,T-806,Construction Punch List,Seal ceiling penetrations,OWN-001,Not Started,Medium,2026-06-27,2026-10-17,,2026-08-31,
CHK-01025,T-806,Low-Voltage / Network,Label patch panel ports,OWN-005,Verified,High,2026-07-23,2026-08-08,2026-08-06,2026-08-06,
CHK-01026,T-806,Biomed Equipment Check,Electrical safety test,OWN-004,Verified,High,2026-07-05,2026-10-04,2026-07-06,2026-07-06,
CHK-01027,T-806,Furniture & Fixtures,Install privacy curtain,OWN-017,Not Started,Low,2026-06-26,2026-09-21,,2026-09-01,
CHK-01028,T-806,Clinical Supplies Stocked,Stock isolation cart,OWN-017,Verified,Medium,2026-06-16,2026-10-21,2026-07-05,2026-07-05,
CHK-01029,T-806,Signage & Wayfinding,Install exit signage,OWN-001,Verified,Low,2026-06-04,2026-10-02,2026-07-02,2026-07-02,
CHK-01030,T-806,Life Safety Inspection,Emergency power receptacle test,OWN-016,Not Started,High,2026-06-14,2026-10-07,,2026-08-29,
CHK-01031,T-806,Terminal Clean,ATP swab verification,OWN-010,Verified,High,2026-07-07,2026-09-21,2026-07-20,2026-07-20,
CHK-01032,T-806,Staff Training / Orientation,Unit walk-through completed,OWN-008,Complete,Medium,2026-06-10,2026-09-27,2026-07-15,2026-07-15,
CHK-01033,T-806,Clinical Workflow Validation,Code blue drill,OWN-008,Not Started,Medium,2026-08-17,2026-10-18,,2026-08-27,
CHK-01034,T-807,Construction Punch List,Patch and paint wall behind headwall,OWN-002,Complete,High,2026-07-07,2026-10-04,2026-07-09,2026-07-09,
CHK-01035,T-807,Low-Voltage / Network,Label patch panel ports,OWN-005,Verified,Medium,2026-07-22,2026-09-26,2026-08-24,2026-08-24,
CHK-01036,T-807,Biomed Equipment Check,Preventive maintenance tag,OWN-004,Not Started,Medium,2026-07-23,2026-10-30,,2026-08-14,
CHK-01037,T-807,Furniture & Fixtures,Install overbed table,OWN-017,Complete,High,2026-05-24,2026-10-04,2026-05-28,2026-05-28,
CHK-01038,T-807,Clinical Supplies Stocked,Par-level check,OWN-018,Not Started,Low,2026-08-16,2026-10-12,,2026-08-30,
CHK-01039,T-807,Signage & Wayfinding,Braille compliance check,OWN-001,Verified,Medium,2026-06-16,2026-10-01,2026-06-20,2026-06-20,
CHK-01040,T-807,Life Safety Inspection,Sprinkler head clearance,OWN-015,Complete,Medium,2026-06-27,2026-10-25,2026-07-12,2026-07-12,
CHK-01041,T-807,Terminal Clean,Terminal clean and UV cycle,OWN-009,Not Started,Medium,2026-06-28,2026-10-21,,2026-09-01,
CHK-01042,T-807,Staff Training / Orientation,Bed controls training,OWN-008,Verified,Medium,2026-08-16,2026-10-03,2026-08-18,2026-08-18,
CHK-01043,T-807,Clinical Workflow Validation,Admission workflow tabletop,OWN-008,Not Started,Low,2026-07-22,2026-10-08,,2026-08-31,
CHK-01044,T-808,Construction Punch List,Adjust door closer,OWN-001,In Progress,Low,2026-06-06,2026-10-13,,2026-09-01,
CHK-01045,T-808,Low-Voltage / Network,Label patch panel ports,OWN-006,In Progress,Medium,2026-08-08,2026-10-06,,2026-08-29,
CHK-01046,T-808,Biomed Equipment Check,Alarm integration test,OWN-003,Not Started,Medium,2026-06-27,2026-10-17,,2026-08-14,
CHK-01047,T-808,Furniture & Fixtures,Install overbed table,OWN-018,Not Started,High,2026-08-11,2026-09-23,,2026-08-29,
CHK-01048,T-808,Clinical Supplies Stocked,Stock isolation cart,OWN-018,In Progress,Low,2026-06-06,2026-10-12,,2026-08-30,
CHK-01049,T-808,Signage & Wayfinding,Braille compliance check,OWN-001,Complete,Medium,2026-08-28,2026-10-30,2026-09-01,2026-09-01,
CHK-01050,T-808,Life Safety Inspection,Sprinkler head clearance,OWN-015,In Progress,Medium,2026-07-11,2026-10-08,,2026-08-27,
CHK-01051,T-808,Terminal Clean,ATP swab verification,OWN-009,Complete,Low,2026-08-12,2026-10-23,2026-09-01,2026-09-01,
CHK-01052,T-808,Staff Training / Orientation,Bed controls training,OWN-008,In Progress,High,2026-07-12,2026-10-10,,2026-08-21,
CHK-01053,T-808,Clinical Workflow Validation,Med admin end-to-end test,OWN-008,Verified,High,2026-06-16,2026-10-18,2026-07-24,2026-07-24,
CHK-01054,T-809,Construction Punch List,Replace scratched floor tile,OWN-002,Verified,Medium,2026-05-28,2026-06-17,2026-06-04,2026-06-04,
CHK-01055,T-809,Low-Voltage / Network,Verify RTLS badge reader,OWN-006,Verified,Low,2026-05-28,2026-11-03,2026-06-09,2026-06-09,
CHK-01056,T-809,Biomed Equipment Check,Electrical safety test,OWN-004,Verified,Medium,2026-07-28,2026-11-02,2026-07-31,2026-07-31,
CHK-01057,T-809,Furniture & Fixtures,Deliver visitor chair,OWN-018,Complete,High,2026-08-26,2026-10-20,2026-09-01,2026-09-01,
CHK-01058,T-809,Clinical Supplies Stocked,Par-level check,OWN-018,In Progress,High,2026-06-19,2026-10-28,,2026-08-29,
CHK-01059,T-809,Signage & Wayfinding,Install room number sign,OWN-001,In Progress,Medium,2026-07-05,2026-10-07,,2026-08-20,
CHK-01060,T-809,Life Safety Inspection,Fire extinguisher inspection,OWN-015,In Progress,Medium,2026-08-03,2026-11-07,,2026-08-03,
CHK-01061,T-809,Terminal Clean,ATP swab verification,OWN-009,Not Started,Low,2026-07-17,2026-10-29,,2026-07-28,
CHK-01062,T-809,Staff Training / Orientation,Nurse call training,OWN-007,Complete,Low,2026-06-30,2026-10-08,2026-07-23,2026-07-23,
CHK-01063,T-809,Clinical Workflow Validation,Med admin end-to-end test,OWN-007,Complete,High,2026-06-10,2026-10-16,2026-06-15,2026-06-15,
CHK-01064,T-810,Construction Punch List,Seal ceiling penetrations,OWN-001,Complete,High,2026-08-17,2026-09-14,2026-08-21,2026-08-21,
CHK-01065,T-810,Low-Voltage / Network,Label patch panel ports,OWN-005,Not Started,Medium,2026-07-28,2026-09-02,,2026-08-31,
CHK-01066,T-810,Biomed Equipment Check,Alarm integration test,OWN-003,Verified,Medium,2026-06-24,2026-10-08,2026-07-14,2026-07-14,
CHK-01067,T-810,Furniture & Fixtures,Install privacy curtain,OWN-018,Not Started,High,2026-06-16,2026-07-16,,2026-08-25,
CHK-01068,T-810,Clinical Supplies Stocked,Stock isolation cart,OWN-018,Verified,Low,2026-05-24,2026-11-06,2026-06-02,2026-06-02,
CHK-01069,T-810,Signage & Wayfinding,Braille compliance check,OWN-001,In Progress,Medium,2026-08-22,2026-10-25,,2026-08-28,
CHK-01070,T-810,Life Safety Inspection,Fire extinguisher inspection,OWN-016,Verified,Medium,2026-07-07,2026-10-02,2026-08-16,2026-08-16,
CHK-01071,T-810,Staff Training / Orientation,Bed controls training,OWN-008,In Progress,Medium,2026-08-16,2026-11-07,,2026-08-31,
CHK-01072,T-810,Clinical Workflow Validation,Admission workflow tabletop,OWN-007,Verified,Medium,2026-07-31,2026-11-08,2026-08-04,2026-08-04,
CHK-01073,T-811,Construction Punch List,Replace scratched floor tile,OWN-002,Not Started,Medium,2026-06-03,2026-11-08,,2026-09-01,
CHK-01074,T-811,Low-Voltage / Network,Activate data drops,OWN-006,Complete,Medium,2026-07-06,2026-11-02,2026-08-04,2026-08-04,
CHK-01075,T-811,Biomed Equipment Check,Electrical safety test,OWN-003,Verified,High,2026-08-22,2026-10-25,2026-09-01,2026-09-01,
CHK-01076,T-811,Furniture & Fixtures,Install overbed table,OWN-017,In Progress,High,2026-06-22,2026-11-09,,2026-08-19,
CHK-01077,T-811,Clinical Supplies Stocked,Stock linen shelf,OWN-017,Complete,Low,2026-07-24,2026-11-07,2026-08-14,2026-08-14,
CHK-01078,T-811,Signage & Wayfinding,Braille compliance check,OWN-001,Verified,High,2026-07-10,2026-10-10,2026-07-18,2026-07-18,
CHK-01079,T-811,Life Safety Inspection,Emergency power receptacle test,OWN-014,Not Started,Medium,2026-08-03,2026-10-09,,2026-08-03,
CHK-01080,T-811,Terminal Clean,ATP swab verification,OWN-010,Verified,Medium,2026-06-20,2026-10-22,2026-07-06,2026-07-06,
CHK-01081,T-811,Staff Training / Orientation,Bed controls training,OWN-008,Complete,High,2026-08-23,2026-10-18,2026-09-01,2026-09-01,
CHK-01082,T-811,Clinical Workflow Validation,Code blue drill,OWN-007,Verified,High,2026-08-12,2026-10-07,2026-08-27,2026-08-27,
CHK-01083,T-812,Construction Punch List,Replace scratched floor tile,OWN-001,In Progress,High,2026-08-11,2026-09-09,,2026-08-11,
CHK-01084,T-812,Low-Voltage / Network,Activate data drops,OWN-006,Not Started,Low,2026-07-26,2026-09-02,,2026-09-01,
CHK-01085,T-812,Biomed Equipment Check,Alarm integration test,OWN-003,Complete,High,2026-08-27,2026-10-16,2026-09-01,2026-09-01,
CHK-01086,T-812,Furniture & Fixtures,Install overbed table,OWN-018,Complete,Low,2026-06-06,2026-06-23,2026-06-26,2026-06-26,
CHK-01087,T-812,Clinical Supplies Stocked,Stock linen shelf,OWN-017,Not Started,Medium,2026-05-25,2026-10-19,,2026-07-28,
CHK-01088,T-812,Signage & Wayfinding,Braille compliance check,OWN-001,Verified,Low,2026-06-11,2026-10-13,2026-07-09,2026-07-09,
CHK-01089,T-812,Life Safety Inspection,Med gas alarm test,OWN-015,Complete,Medium,2026-05-29,2026-10-22,2026-07-03,2026-07-03,
CHK-01090,T-812,Terminal Clean,Terminal clean and UV cycle,OWN-009,Complete,Low,2026-08-09,2026-10-16,2026-09-01,2026-09-01,
CHK-01091,T-812,Staff Training / Orientation,Unit walk-through completed,OWN-008,Verified,Medium,2026-06-03,2026-10-23,2026-06-09,2026-06-09,
CHK-01092,T-812,Clinical Workflow Validation,Code blue drill,OWN-008,Complete,Medium,2026-06-12,2026-10-23,2026-07-06,2026-07-06,
CHK-01093,T-813,Construction Punch List,Seal ceiling penetrations,OWN-001,Not Started,Medium,2026-06-13,2026-07-16,,2026-08-30,
CHK-01094,T-813,Low-Voltage / Network,Test Wi-Fi coverage,OWN-006,Verified,High,2026-08-28,2026-10-03,2026-09-01,2026-09-01,
CHK-01095,T-813,Biomed Equipment Check,Alarm integration test,OWN-003,Not Started,High,2026-07-25,2026-09-28,,2026-09-01,
CHK-01096,T-813,Furniture & Fixtures,Mount whiteboard,OWN-017,Blocked,High,2026-07-27,2026-10-25,,2026-08-31,Dependency on another item
CHK-01097,T-813,Clinical Supplies Stocked,Stock linen shelf,OWN-017,Verified,Medium,2026-06-03,2026-10-01,2026-07-02,2026-07-02,
CHK-01098,T-813,Signage & Wayfinding,Install room number sign,OWN-002,Verified,Medium,2026-05-30,2026-10-17,2026-06-16,2026-06-16,
CHK-01099,T-813,Life Safety Inspection,Fire extinguisher inspection,OWN-016,Verified,Medium,2026-07-30,2026-10-11,2026-08-06,2026-08-06,
CHK-01100,T-813,Terminal Clean,ATP swab verification,OWN-009,Verified,Medium,2026-07-19,2026-09-27,2026-08-12,2026-08-12,
CHK-01101,T-813,Staff Training / Orientation,Nurse call training,OWN-008,Not Started,Low,2026-08-11,2026-11-01,,2026-08-30,
CHK-01102,T-813,Clinical Workflow Validation,Code blue drill,OWN-007,Complete,High,2026-07-23,2026-11-01,2026-08-03,2026-08-03,
CHK-01103,T-814,Construction Punch List,Seal ceiling penetrations,OWN-001,Verified,Medium,2026-06-15,2026-07-12,2026-07-06,2026-07-06,
CHK-01104,T-814,Low-Voltage / Network,Activate data drops,OWN-005,Complete,Medium,2026-06-06,2026-10-09,2026-06-12,2026-06-12,
CHK-01105,T-814,Biomed Equipment Check,Electrical safety test,OWN-003,Not Started,Medium,2026-06-10,2026-09-28,,2026-08-09,
CHK-01106,T-814,Furniture & Fixtures,Install privacy curtain,OWN-017,In Progress,Medium,2026-06-24,2026-07-25,,2026-08-28,
CHK-01107,T-814,Clinical Supplies Stocked,Stock PPE cabinet,OWN-017,Blocked,Medium,2026-07-14,2026-10-19,,2026-08-27,Access restricted by construction
CHK-01108,T-814,Signage & Wayfinding,Install room number sign,OWN-002,Verified,Medium,2026-07-15,2026-09-28,2026-08-17,2026-08-17,
CHK-01109,T-814,Life Safety Inspection,Sprinkler head clearance,OWN-016,Complete,High,2026-07-03,2026-10-07,2026-07-18,2026-07-18,
CHK-01110,T-814,Terminal Clean,ATP swab verification,OWN-010,In Progress,Medium,2026-06-05,2026-10-25,,2026-08-01,
CHK-01111,T-814,Staff Training / Orientation,Bed controls training,OWN-008,Verified,Medium,2026-07-07,2026-10-01,2026-07-17,2026-07-17,
CHK-01112,T-814,Clinical Workflow Validation,Code blue drill,OWN-008,Blocked,Medium,2026-08-06,2026-10-04,,2026-09-01,Dependency on another item
CHK-01113,T-815,Construction Punch List,Adjust door closer,OWN-001,Not Started,High,2026-05-26,2026-06-11,,2026-08-26,
CHK-01114,T-815,Low-Voltage / Network,Test Wi-Fi coverage,OWN-006,Not Started,High,2026-07-11,2026-10-18,,2026-08-27,
CHK-01115,T-815,Biomed Equipment Check,Electrical safety test,OWN-003,Not Started,Medium,2026-07-17,2026-10-03,,2026-08-23,
CHK-01116,T-815,Furniture & Fixtures,Install privacy curtain,OWN-018,Verified,Medium,2026-07-03,2026-10-12,2026-07-31,2026-07-31,
CHK-01117,T-815,Clinical Supplies Stocked,Stock PPE cabinet,OWN-017,In Progress,Low,2026-05-29,2026-10-03,,2026-07-28,
CHK-01118,T-815,Signage & Wayfinding,Install exit signage,OWN-002,Complete,High,2026-07-13,2026-10-11,2026-08-07,2026-08-07,
CHK-01119,T-815,Life Safety Inspection,Emergency power receptacle test,OWN-014,In Progress,Medium,2026-07-25,2026-11-03,,2026-08-29,
CHK-01120,T-815,Terminal Clean,ATP swab verification,OWN-010,Complete,Medium,2026-07-06,2026-10-22,2026-07-27,2026-07-27,
CHK-01121,T-815,Staff Training / Orientation,Bed controls training,OWN-008,Not Started,High,2026-08-24,2026-10-27,,2026-08-30,
CHK-01122,T-815,Clinical Workflow Validation,Code blue drill,OWN-008,Verified,High,2026-08-14,2026-10-22,2026-09-01,2026-09-01,
CHK-01123,T-816,Construction Punch List,Seal ceiling penetrations,OWN-001,Verified,High,2026-07-27,2026-10-27,2026-08-11,2026-08-11,
CHK-01124,T-816,Low-Voltage / Network,Activate data drops,OWN-005,Complete,High,2026-06-25,2026-11-01,2026-08-03,2026-08-03,
CHK-01125,T-816,Biomed Equipment Check,Alarm integration test,OWN-004,Not Started,Medium,2026-08-26,2026-10-10,,2026-08-28,
CHK-01126,T-816,Furniture & Fixtures,Deliver visitor chair,OWN-018,Not Started,High,2026-07-23,2026-10-26,,2026-08-29,
CHK-01127,T-816,Clinical Supplies Stocked,Stock PPE cabinet,OWN-017,Verified,Medium,2026-07-25,2026-10-26,2026-08-17,2026-08-17,
CHK-01128,T-816,Signage & Wayfinding,Install exit signage,OWN-001,Verified,Medium,2026-06-26,2026-10-12,2026-07-14,2026-07-14,
CHK-01129,T-816,Life Safety Inspection,Emergency power receptacle test,OWN-014,Verified,Low,2026-08-25,2026-10-06,2026-09-01,2026-09-01,
CHK-01130,T-816,Terminal Clean,ATP swab verification,OWN-009,Not Started,Medium,2026-08-25,2026-11-02,,2026-08-28,
CHK-01131,T-816,Staff Training / Orientation,Bed controls training,OWN-008,Verified,High,2026-08-10,2026-10-02,2026-08-22,2026-08-22,
CHK-01132,T-816,Clinical Workflow Validation,Admission workflow tabletop,OWN-008,Verified,High,2026-08-18,2026-09-30,2026-09-01,2026-09-01,
CHK-01133,T-817,Construction Punch List,Seal ceiling penetrations,OWN-002,Complete,Medium,2026-08-03,2026-11-07,2026-08-30,2026-08-30,
CHK-01134,T-817,Low-Voltage / Network,Test Wi-Fi coverage,OWN-006,Verified,Medium,2026-07-16,2026-08-10,2026-08-05,2026-08-05,
CHK-01135,T-817,Biomed Equipment Check,Asset tag and CMMS entry,OWN-004,Complete,High,2026-06-10,2026-10-15,2026-07-19,2026-07-19,
CHK-01136,T-817,Furniture & Fixtures,Install privacy curtain,OWN-017,Verified,Medium,2026-05-25,2026-10-14,2026-06-23,2026-06-23,
CHK-01137,T-817,Clinical Supplies Stocked,Stock linen shelf,OWN-018,Verified,Medium,2026-07-01,2026-10-20,2026-07-09,2026-07-09,
CHK-01138,T-817,Signage & Wayfinding,Install room number sign,OWN-001,Blocked,High,2026-06-29,2026-10-09,,2026-08-05,Awaiting inspection sign-off
CHK-01139,T-817,Life Safety Inspection,Emergency power receptacle test,OWN-015,Verified,Medium,2026-07-08,2026-11-06,2026-08-13,2026-08-13,
CHK-01140,T-817,Terminal Clean,ATP swab verification,OWN-010,Blocked,Medium,2026-07-06,2026-10-15,,2026-09-01,Contractor rework required
CHK-01141,T-817,Staff Training / Orientation,Bed controls training,OWN-007,In Progress,Medium,2026-08-24,2026-10-21,,2026-08-31,
CHK-01142,T-817,Clinical Workflow Validation,Admission workflow tabletop,OWN-007,Blocked,Low,2026-08-15,2026-10-19,,2026-08-28,Waiting on vendor
CHK-01143,T-818,Construction Punch List,Adjust door closer,OWN-002,Blocked,Medium,2026-07-18,2026-10-05,,2026-09-01,Parts back-ordered
CHK-01144,T-818,Low-Voltage / Network,Label patch panel ports,OWN-006,Not Started,Medium,2026-07-10,2026-10-26,,2026-08-31,
CHK-01145,T-818,Biomed Equipment Check,Electrical safety test,OWN-003,Complete,Medium,2026-07-29,2026-11-09,2026-08-01,2026-08-01,
CHK-01146,T-818,Furniture & Fixtures,Mount whiteboard,OWN-017,Blocked,High,2026-08-24,2026-09-26,,2026-08-27,Waiting on vendor
CHK-01147,T-818,Clinical Supplies Stocked,Stock linen shelf,OWN-017,Not Started,High,2026-07-12,2026-10-15,,2026-08-27,
CHK-01148,T-818,Signage & Wayfinding,Install room number sign,OWN-001,Complete,High,2026-05-31,2026-10-14,2026-06-02,2026-06-02,
CHK-01149,T-818,Life Safety Inspection,Emergency power receptacle test,OWN-015,Complete,Medium,2026-07-10,2026-10-28,2026-08-18,2026-08-18,
CHK-01150,T-818,Terminal Clean,ATP swab verification,OWN-010,Verified,Medium,2026-07-02,2026-10-28,2026-07-09,2026-07-09,
CHK-01151,T-818,Staff Training / Orientation,Nurse call training,OWN-008,Complete,High,2026-08-01,2026-10-14,2026-09-01,2026-09-01,
CHK-01152,T-818,Clinical Workflow Validation,Med admin end-to-end test,OWN-008,In Progress,Low,2026-06-26,2026-10-25,,2026-08-29,
CHK-01153,T-819,Construction Punch List,Replace scratched floor tile,OWN-001,Blocked,Medium,2026-05-30,2026-06-27,,2026-09-01,Access restricted by construction
CHK-01154,T-819,Low-Voltage / Network,Activate data drops,OWN-005,Complete,High,2026-06-08,2026-07-01,2026-06-14,2026-06-14,
CHK-01155,T-819,Biomed Equipment Check,Alarm integration test,OWN-003,Not Started,High,2026-06-15,2026-10-25,,2026-08-29,
CHK-01156,T-819,Furniture & Fixtures,Install overbed table,OWN-018,Complete,Medium,2026-07-08,2026-08-12,2026-07-18,2026-07-18,
CHK-01157,T-819,Clinical Supplies Stocked,Par-level check,OWN-018,Complete,Medium,2026-08-29,2026-10-23,2026-09-01,2026-09-01,
CHK-01158,T-819,Signage & Wayfinding,Braille compliance check,OWN-001,In Progress,Low,2026-07-19,2026-10-11,,2026-08-10,
CHK-01159,T-819,Life Safety Inspection,Fire extinguisher inspection,OWN-014,Complete,Medium,2026-08-20,2026-10-16,2026-08-29,2026-08-29,
CHK-01160,T-819,Staff Training / Orientation,Nurse call training,OWN-007,Verified,Medium,2026-08-15,2026-11-07,2026-09-01,2026-09-01,
CHK-01161,T-819,Clinical Workflow Validation,Code blue drill,OWN-007,Complete,High,2026-08-12,2026-10-05,2026-09-01,2026-09-01,
CHK-01162,T-820,Construction Punch List,Seal ceiling penetrations,OWN-002,Complete,Medium,2026-07-23,2026-10-23,2026-08-26,2026-08-26,
CHK-01163,T-820,Low-Voltage / Network,Label patch panel ports,OWN-006,Verified,Medium,2026-07-23,2026-10-27,2026-09-01,2026-09-01,
CHK-01164,T-820,Biomed Equipment Check,Alarm integration test,OWN-003,Verified,Medium,2026-07-18,2026-11-01,2026-07-29,2026-07-29,
CHK-01165,T-820,Furniture & Fixtures,Mount whiteboard,OWN-017,Verified,Medium,2026-06-30,2026-07-14,2026-07-20,2026-07-20,
CHK-01166,T-820,Clinical Supplies Stocked,Par-level check,OWN-017,Complete,High,2026-07-18,2026-11-03,2026-07-22,2026-07-22,
CHK-01167,T-820,Signage & Wayfinding,Install room number sign,OWN-002,In Progress,High,2026-08-01,2026-10-18,,2026-08-01,
CHK-01168,T-820,Life Safety Inspection,Med gas alarm test,OWN-015,Not Started,Medium,2026-07-06,2026-10-03,,2026-08-15,
CHK-01169,T-820,Terminal Clean,Terminal clean and UV cycle,OWN-010,Verified,High,2026-06-15,2026-10-31,2026-06-22,2026-06-22,
CHK-01170,T-820,Staff Training / Orientation,Bed controls training,OWN-008,Complete,Medium,2026-08-13,2026-10-07,2026-09-01,2026-09-01,
CHK-01171,T-820,Clinical Workflow Validation,Med admin end-to-end test,OWN-008,Blocked,High,2026-06-15,2026-10-02,,2026-08-27,Waiting on vendor
